Number,Theme,Subtheme,Year,Set name,Minifigs,Pieces,RRP (GBP),RRP (USD),RRP (CAD),RRP (EUR),EAN,UPC,Width,Height,Depth,Weight,Notes,Qty owned,Qty owned new,Qty owned used,Wanted,Qty wanted,Priority,Flag 1 not used,Flag 2 not used,Flag 3 not used,Flag 4 not used,Flag 5 not used,Flag 6 not used,Flag 7 not used,Flag 8 not used,Value new (USD),Value used (USD),Launch date,Exit date
"2009-1","Miscellaneous","Employee gift",2009,"Heart",,92,,,,,,,,,,,"",0,0,0,,0,0,,,,,,,,,,,"",""
"3592-1","Games","",2009,"Knights' Kingdom Board Game",,,,,,,,,,,,,"",0,0,0,,0,0,,,,,,,,,,,"",""
"3594-1","Duplo","Bob the Builder",2009,"Bob's Workshop",2,14,12.69,14.99,,,5702014537262,,,,,,"",0,0,0,,0,0,,,,,,,,,29.9500,10.9000,"",""
"3595-1","Duplo","Bob the Builder",2009,"Scoop at Bobland Bay",1,28,15.65,19.99,,,,,,,,,"",0,0,0,,0,0,,,,,,,,,29.9500,30.6400,"",""
"3596-1","Duplo","Bob the Builder",2009,"Muck Can Do It",1,39,22.49,29.99,,,,673419124652,38.2,26.2,7.1,,"",0,0,0,,0,0,,,,,,,,,34.9500,27.4000,"01/03/2009","31/12/2009"
"3597-1","Duplo","Bob the Builder",2009,"Lofty and Dizzy Hard At Work",3,51,29.35,39.99,,,5702014537293,,48,28.2,7.4,,"",0,0,0,,0,0,,,,,,,,,,19.5000,"01/03/2009","31/12/2009"
"3833-1","SpongeBob SquarePants","",2009,"Krusty Krab Adventures",3,209,24.99,24.99,34.99,,5702014533707,673419111959,28.2,26.2,6.4,0.39,"",0,0,0,,0,0,,,,,,,,,174.0300,57.7900,"01/01/2009","31/07/2012"
"3834-1","SpongeBob SquarePants","",2009,"Good Neighbours at Bikini Bottom",3,425,39.99,39.99,54.99,,5702014533714,673419111966,38.2,26.2,5.65,0.6,"",0,0,0,,0,0,,,,,,,,,287.5600,87.7600,"01/01/2009","31/12/2011"
"3835-1","Games","",2009,"Robo Champ",,118,7.99,4.99,12.99,,5702014589674,673419131025,14.4,19.99,6.71,0.22,"",0,0,0,,0,0,,,,,,,,,12.0500,4.5100,"01/08/2009","31/07/2011"
"3836-1","Games","",2009,"Magikus ",,108,7.99,9.99,12.99,,5702014589681,673419131117,14.4,19.99,6.71,0.25,"",0,0,0,,0,0,,,,,,,,,11.9300,5.3000,"01/08/2009","31/07/2011"
"3837-1","Games","",2009,"Monster 4",,141,9.99,14.99,19.99,,5702014589698,673419131124,14.4,27.2,6.71,0.31,"",0,0,0,,0,0,,,,,,,,,18.1000,9.2100,"01/08/2009","31/07/2011"
"3838-1","Games","",2009,"Lava Dragon ",4,131,9.99,14.99,19.99,,5702014589704,673419131131,14.4,27.2,6.71,0.32,"",0,0,0,,0,0,,,,,,,,,33.0000,7.0500,"01/08/2009","31/12/2011"
"3839-1","Games","",2009,"Race 3000",,166,14.99,9.99,26.99,,5702014589711,673419131148,19.2,27.2,6.71,0.47,"",0,0,0,,0,0,,,,,,,,,27.0000,13.0000,"01/08/2009","31/12/2011"
"3840-1","Games","",2009,"Pirate Code",1,268,16.99,9.99,26.99,,5702014589728,673419131155,19.2,27.2,6.71,0.48,"",0,0,0,,0,0,,,,,,,,,38.4700,10.3600,"01/08/2009","31/07/2011"
"3841-1","Games","Minotaurus",2009,"Minotaurus",12,211,17.99,24.99,34.99,,5702014589735,673419131162,28.8,27.2,6.71,0.61,"",0,0,0,,0,0,,,,,,,,,45.5400,12.7100,"01/08/2009","31/12/2013"
"3842-1","Games","",2009,"Lunar Command ",6,271,19.99,,,,5702014589742,,28.8,27.2,6.7,,"",0,0,0,,0,0,,,,,,,,,24.9600,15.8200,"01/08/2009","31/12/2010"
"3843-1","Games","Ramses",2009,"Ramses Pyramid ",13,217,19.99,29.99,39.99,,5702014589759,673419131216,28.8,27.2,6.71,0.68,"",0,0,0,,0,0,,,,,,,,,33.0700,17.3900,"01/08/2009","31/12/2011"
"3844-1","Games","Creationary",2009,"Creationary ",2,338,24.99,34.99,44.99,,5702014589766,673419131223,43.2,27.2,6.7,0.94,"",0,0,0,,0,0,,,,,,,,,61.5400,22.4600,"",""
"4899-1","City","Farm",2009,"Tractor",1,28,,,,,5702014536814,673419127950,14,14,1,,"",0,0,0,,0,0,,,,,,,,,8.9600,4.2200,"01/03/2009","31/12/2010"
"5486-1","Duplo","",2009,"Fun With Duplo Bricks",,90,21.99,29.99,39.99,,5702014534162,,,,,,"",0,0,0,,0,0,,,,,,,,,,,"",""
"5487-1","Bricks and More","",2009,"Fun With LEGO Bricks",,700,21.99,29.99,39.99,,5702014534179,,,,,,"",0,0,0,,0,0,,,,,,,,,19.9500,,"",""
"5488-1","Duplo","",2009,"Duplo Farm Building Set",2,102,29.99,39.99,64.99,,5702014534186,673419128384,41,19.1,27.7,,"",0,0,0,,0,0,,,,,,,,,55.2700,,"01/06/2009","31/12/2010"
"5489-1","Bricks and More","",2009,"Ultimate LEGO Vehicle Building Set",1,675,29.99,44.99,64.99,,5702014534193,,41,19.1,27.7,,"",0,0,0,,0,0,,,,,,,,,50.7700,16.6600,"01/06/2009","31/12/2011"
"5538-1","Duplo","",2009,"Duplo Creative Bucket",,76,19.99,29.99,39.99,,5702014790285,,,,,,"",0,0,0,,0,0,,,,,,,,,,,"",""
"5539-1","Bricks and More","",2009,"Creative Bucket",,480,19.99,29.99,39.99,,5702014790308,673419138703,,,,,"",0,0,0,,0,0,,,,,,,,,,,"",""
"5545-1","Duplo","Thomas & Friends",2009,"Stanley at Great Waterton",1,19,17.59,19.99,,,5702014537408,673419112734,28.2,26.2,6.4,0.35,"",0,0,0,,0,0,,,,,,,,,0.0000,39.0000,"",""
"5546-1","Duplo","Thomas & Friends",2009,"Thomas at Morgan's Mine",1,22,22.99,29.99,,,5702014537415,673419112741,26.5,15.8,23.5,0.61,"",0,0,0,,0,0,,,,,,,,,85.0000,32.9200,"",""
"5547-1","Duplo","Thomas & Friends",2009,"James Celebrates Sodor Day",2,34,24.99,29.99,,,,673419112758,38.2,26.2,7.05,0.63,"",0,0,0,,0,0,,,,,,,,,43.6500,36.7700,"01/06/2009","31/12/2009"
"5560-1","Bricks and More","",2009,"Large Pink Brick Box",1,402,25.99,29.99,39.99,,5702014540675,673419114332,37.7,19.2,22,1.02,"",0,0,0,,0,0,,,,,,,,,38.5000,26.8300,"01/06/2009","31/12/2013"
"5573-2","Bricks and More","",2009,"Build & Play (Red tub)",1,639,,,,,5702014607781,,,,,,"",0,0,0,,0,0,,,,,,,,,,43.5800,"",""
"5586-1","Duplo","",2009,"Duplo Basic Bricks with Fun Figures",,50,12.69,,,,5702014534148,,,,,,"",0,0,0,,0,0,,,,,,,,,,,"",""
"5587-1","Bricks and More","",2009,"Basic Bricks with Fun Figures",,390,13.35,19.99,,,5702014534155,,,,,,"",0,0,0,,0,0,,,,,,,,,,,"",""
"5588-1","Duplo","",2009,"Duplo Giant Box",,201,48.96,,,,,,,,,,"",0,0,0,,0,0,,,,,,,,,,28.0300,"",""
"5589-1","Bricks and More","",2009,"LEGO Giant Box",,1600,48.96,,,,5702014534223,,,,,,"",0,0,0,,0,0,,,,,,,,,,60.6700,"",""
"5592-1","Duplo","LEGO Ville",2009,"My First Plane",2,8,14.99,14.99,19.99,,5702014537231,,,,,,"",0,0,0,,0,0,,,,,,,,,33.8000,11.9500,"",""
"5594-1","Duplo","LEGO Ville",2009,"Cargo Plane",2,28,34.99,49.99,64.99,,5702014537248,,,,,,"",0,0,0,,0,0,,,,,,,,,58.7300,57.5900,"",""
"5595-1","Duplo","LEGO Ville",2009,"Airport",4,59,69.99,89.99,119.99,,5702014537255,,58.2,37.8,11.8,,"",0,0,0,,0,0,,,,,,,,,117.4500,78.1200,"01/08/2009","31/12/2011"
"5632-1","Duplo","LEGO Ville",2009,"Animal Care",1,4,4.99,7.99,9.99,,5702014537309,673419124492,12.19,9.09,4.7,0.07,"",0,0,0,,0,0,,,,,,,,,5.9000,2.4500,"",""
"5633-1","Duplo","LEGO Ville",2009,"Polar Zoo",1,32,20.99,29.99,39.99,,5702014537316,,,,,,"",0,0,0,,0,0,,,,,,,,,45.0000,25.0000,"",""
"5634-1","Duplo","LEGO Ville",2009,"Feeding Zoo",3,53,40.99,49.99,64.99,,5702014537323,,48,37.8,9.4,,"",0,0,0,,0,0,,,,,,,,,80.3700,52.3300,"01/03/2009","31/12/2011"
"5635-1","Duplo","LEGO Ville",2009,"Big City Zoo",4,125,69.99,89.99,129.99,,5702014537330,673419124522,58.2,48,9.1,,"",0,0,0,,0,0,,,,,,,,,203.6600,49.7700,"01/03/2009","31/12/2011"
"5636-1","Duplo","LEGO Ville",2009,"Bus",3,14,20.99,24.99,29.99,,5702014537347,673419124638,35.41,19.1,11.81,0.55,"",0,0,0,,0,0,,,,,,,,,80.0000,38.2100,"",""
"5637-1","Duplo","LEGO Ville",2009,"Garbage Truck",1,12,14.99,16.99,19.99,,5702014537354,673419126908,26.2,19.1,9.1,0.4,"",0,0,0,,0,0,,,,,,,,,72.7200,15.8300,"",""
"5638-1","Duplo","LEGO Ville",2009,"Postman",1,9,7.99,9.99,12.99,,5702014537361,673419126922,19.1,14.1,6.1,0.17,"",0,0,0,,0,0,,,,,,,,,17.4900,9.1900,"",""
"5639-1","Duplo","LEGO Ville",2009,"Family House",4,71,49.99,69.99,89.99,,5702014537378,673419126939,48,37.8,11.2,,"",0,0,0,,0,0,,,,,,,,,117.4500,64.3900,"01/06/2009","31/12/2012"
"5640-1","Duplo","LEGO Ville",2009,"Petrol Station",1,24,18.99,24.99,29.99,,5702014537385,,,,,,"",0,0,0,,0,0,,,,,,,,,25.9700,29.7500,"",""
"5641-1","Duplo","LEGO Ville",2009,"Busy Garage",2,51,35.99,49.99,64.99,,5702014537392,,,,,,"",0,0,0,,0,0,,,,,,,,,54.9600,42.0300,"",""
"5642-1","City","Construction",2009,"Tipper Truck",1,27,,,,,,,,,,,"",0,0,0,,0,0,,,,,,,,,,4.2200,"",""
"5969-1","Space","Space Police 3",2009,"Squidman Escape",2,42,4.99,5.99,7.99,,5702014532991,673419111546,14.1,12.2,4.6,0.07,"",0,0,0,,0,0,,,,,,,,,17.9200,5.7600,"01/06/2009","31/12/2010"
"5970-1","Space","Space Police 3",2009,"Freeze Ray Frenzy",2,80,9.99,9.99,,,5702014533004,673419111553,26.2,14.1,4.8,0.14,"",0,0,0,,0,0,,,,,,,,,53.3200,9.6900,"01/06/2009","31/12/2010"
"5971-1","Space","Space Police 3",2009,"Gold Heist",2,205,17.99,19.99,,,5702014533011,673419111560,28.2,26.2,6.4,0.41,"",0,0,0,,0,0,,,,,,,,,70.2100,20.8900,"01/06/2009","31/12/2010"
"5972-1","Space","Space Police 3",2009,"Container Heist",2,282,24.99,29.99,,,5702014533035,673419111584,38.2,26.19,9.4,0.62,"",0,0,0,,0,0,,,,,,,,,55.6900,23.7700,"01/06/2009","31/12/2010"
"5973-1","Space","Space Police 3",2009,"Hyperspeed Pursuit",3,456,39.99,49.99,64.99,,5702014533059,673419111607,54,28.2,7.85,0.84,"",0,0,0,,0,0,,,,,,,,,114.6600,91.2600,"01/06/2009","31/12/2010"
"5974-1","Space","Space Police 3",2009,"Galactic Enforcer",7,825,64.99,99.99,129.99,,5702014533066,673419111614,58.2,37.8,8.71,1.68,"",0,0,0,,0,0,,,,,,,,,178.3800,161.8100,"01/06/2009","31/12/2010"
"5979-1","Space","Space Police 3",2009,"Max Security Transport",3,330,29.35,39.99,,,5702014536517,673419113205,48,28.2,7.4,,"",0,0,0,,0,0,,,,,,,,,38.2900,56.0200,"01/08/2009","31/12/2009"
"5980-1","Space","Space Police 3",2009,"Squidman's Pitstop",4,389,34.25,49.99,,,5702014536524,673419113212,35.4,37.8,7.1,,"",0,0,0,,0,0,,,,,,,,,103.1000,54.9900,"01/08/2009","31/12/2009"
"6191-1","Bricks and More","",2009,"Fire Fighter Building Set",1,117,7.99,9.99,12.99,,5702014533783,673419111997,19.1,14.1,6.1,0.21,"",0,0,0,,0,0,,,,,,,,,5.2800,4.2800,"",""
"6192-1","Bricks and More","",2009,"Pirate Building Set",1,150,7.99,9.99,,,5702014534100,673419112314,19.1,14.1,6.1,0.21,"",0,0,0,,0,0,,,,,,,,,21.3900,12.9900,"",""
"6193-1","Bricks and More","",2009,"Castle Building Set",1,137,6.85,9.99,,,5702014534117,673419112321,19.1,14.1,6.1,0.21,"",0,0,0,,0,0,,,,,,,,,17.5000,8.7300,"",""
"6194-1","Bricks and More","",2009,"My LEGO Town",2,516,20.99,29.99,39.99,,5702014534209,,28.2,26.2,9.6,,"",0,0,0,,0,0,,,,,,,,,32.4400,24.6100,"01/06/2009","31/12/2011"
"6239-1","Pirates","",2009,"Cannon Battle",2,45,4.99,5.99,6.99,,5702014532885,673419111430,14.1,12.2,4.6,0.07,"",0,0,0,,0,0,,,,,,,,,30.9200,14.6800,"",""
"6240-1","Pirates","",2009,"Kraken Attackin'",2,78,8.99,9.99,11.99,,5702014532892,673419111447,26.2,14.1,4.8,0.16,"",0,0,0,,0,0,,,,,,,,,48.0600,20.8700,"",""
"6241-1","Pirates","",2009,"Loot Island",3,142,17.99,19.99,24.99,,5702014532908,673419111454,28.2,26.2,6.4,0.35,"",0,0,0,,0,0,,,,,,,,,99.8300,34.7000,"",""
"6242-1","Pirates","",2009,"Soldiers' Fort",6,367,39.99,49.99,64.99,,5702014532915,673419111461,35.4,37.8,9.4,0.94,"",0,0,0,,0,0,,,,,,,,,231.8200,111.1800,"",""
"6243-1","Pirates","",2009,"Brickbeard's Bounty",8,592,59.99,99.99,119.99,,5702014532922,673419111478,58.2,37.8,8.7,1.6,"",0,0,0,,0,0,,,,,,,,,376.3900,210.6600,"",""
"6253-1","Pirates","",2009,"Shipwreck Hideout",6,310,26.45,39.99,,,5702014532939,,,,,,"",0,0,0,,0,0,,,,,,,,,211.5500,67.0000,"",""
"6299-1","Pirates","Seasonal",2009,"Pirates Advent Calendar",8,148,15.79,,,,5702014536241,,,,,,"",0,0,0,,0,0,,,,,,,,,77.6900,38.3800,"",""
"6741-1","Creator","3 in 1",2009,"Mini Jet",,63,4.99,5.99,6.99,,5702014532793,673419111348,10.21,14.35,4.8,0.11,"",0,0,0,,0,0,,,,,,,,,10.9600,2.7300,"01/01/2009","31/12/2010"
"6742-1","Creator","3 in 1",2009,"Mini Off-Roader",,64,4.99,5.99,6.99,,5702014532946,673419111492,10.21,14.35,4.8,0.11,"",0,0,0,,0,0,,,,,,,,,10.4500,2.3400,"01/01/2009","31/12/2010"
"6743-1","Creator","3 in 1",2009,"Street Speeder",,165,9.99,12.99,17.99,,5702014532953,673419111508,26.2,14.1,6.1,0.28,"",0,0,0,,0,0,,,,,,,,,19.9500,4.8600,"",""
"6745-1","Creator","3 in 1",2009,"Propeller Power",,247,18.99,19.99,24.99,,5702014532960,673419111515,28.2,26.2,6.4,0.49,"",0,0,0,,0,0,,,,,,,,,40.9500,8.9400,"",""
"6747-1","Creator","3 in 1",2009,"Race Rider",,266,15.99,19.99,26.99,,,673419111522,28.2,26.2,6.4,0.62,"",0,0,0,,0,0,,,,,,,,,40.6600,10.0000,"01/01/2009","31/12/2010"
"6751-1","Creator","3 in 1",2009,"Fiery Legend",,479,34.99,39.99,49.99,,5702014532984,673419111539,48.01,28.2,6.1,0.94,"",0,0,0,,0,0,,,,,,,,,51.7000,33.2600,"01/07/2009","31/12/2010"
"6752-1","Creator","3 in 1",2009,"Fire Rescue",,771,44.99,59.99,79.99,,5702014533028,673419111577,54,28.2,7.85,1.46,"",0,0,0,,0,0,,,,,,,,,125.7500,42.0300,"01/08/2009","31/12/2010"
"6753-1","Creator","3 in 1",2009,"Highway Transport",,1294,69.99,89.99,119.99,,,673419111591,58.2,37.8,8.71,2.46,"",0,0,0,,0,0,,,,,,,,,170.6600,126.9500,"01/08/2009","31/12/2010"
"6754-1","Creator","3 in 1",2009,"Family Home",,976,59.99,59.99,79.99,,5702014533073,673419111621,48.01,37.8,7.06,1.9,"",0,0,0,,0,0,,,,,,,,,141.8600,76.7900,"01/08/2009","31/12/2010"
"7078-1","Castle","Fantasy Era",2009,"King's Battle Chariot",4,103,13.99,19.99,,,5702014532854,673419111409,35.41,19.1,5.9,0.29,"",0,0,0,,0,0,,,,,,,,,92.5800,76.7000,"01/06/2009","31/07/2010"
"7079-1","Castle","Fantasy Era",2009,"Drawbridge Defense",7,335,26.99,39.99,,,5702014532861,673419111416,48,28.2,7.4,0.78,"",0,0,0,,0,0,,,,,,,,,255.8600,148.2500,"01/06/2009","31/07/2010"
"7097-1","Castle","Fantasy Era",2009,"Trolls' Mountain Fortress",10,844,74.99,99.99,,,5702014532878,673419111423,58.2,37.8,10.3,1.91,"",0,0,0,,0,0,,,,,,,,,395.5700,264.7500,"01/06/2009","31/12/2010"
"7195-1","Indiana Jones","Raiders of the Lost Ark",2009,"Ambush In Cairo",4,79,9.99,10.99,,,5702014540101,673419114080,19.1,14.1,4.6,0.11,"",0,0,0,,0,0,,,,,,,,,85.0700,50.7400,"01/06/2009","31/07/2010"
"7196-1","Indiana Jones","Kingdom of the Crystal Skull",2009,"Chauchilla Cemetery Battle",5,187,18.99,19.99,,,5702014540118,673419114097,35.41,19.1,5.9,0.34,"",0,0,0,,0,0,,,,,,,,,123.9000,72.8000,"01/06/2009","31/07/2010"
"7197-1","Indiana Jones","Last Crusade",2009,"Venice Canal Chase",4,420,29.99,39.99,,,5702014540125,673419114103,38.2,26.2,7.06,0.65,"",0,0,0,,0,0,,,,,,,,,158.9100,100.2900,"01/06/2009","31/07/2010"
"7198-1","Indiana Jones","Last Crusade",2009,"Fighter Plane Attack",3,384,47.99,49.99,,,5702014540132,673419114110,48.01,28.2,6.1,0.79,"",0,0,0,,0,0,,,,,,,,,287.9900,130.7600,"01/06/2009","31/07/2010"
"7199-1","Indiana Jones","Temple of Doom",2009,"The Temple of Doom",6,652,74.99,89.99,,,5702014540149,673419114127,48.01,37.8,9.4,1.46,"",0,0,0,,0,0,,,,,,,,,457.2300,267.2300,"01/06/2009","31/12/2010"
"7614-1","Duplo","",2009,"Elephant Bucket",2,49,,,,,,,,,,,"",0,0,0,,0,0,,,,,,,,,,27.2600,"",""
"7615-1","Bricks and More","",2009,"Basic Blue Bucket",2,465,,,,,5702014743137,,22.4,21.6,26.1,,"",0,0,0,,0,0,,,,,,,,,,,"01/03/2009","31/12/2014"
"7616-1","Bricks and More","",2009,"Basic Red Bucket",,427,,,,,,,24.3,25.2,29.6,,"",0,0,0,,0,0,,,,,,,,,,,"01/03/2009","31/12/2014"
"7618-1","Duplo","",2009,"Fun Zoo",1,115,,,,,5702015057691,,,,,,"",0,0,0,,0,0,,,,,,,,,,,"",""
"7630-1","City","Construction",2009,"Front-End Loader",1,108,9.99,12.99,14.99,,,673419112390,26.2,14.1,6.1,0.2,"",0,0,0,,0,0,,,,,,,,,45.0200,10.1300,"01/01/2009","31/07/2011"
"7631-1","City","Construction",2009,"Dump Truck",1,189,14.99,19.99,24.99,,5702014534421,673419112406,35.41,19.1,5.9,0.4,"",0,0,0,,0,0,,,,,,,,,60.6300,19.6600,"",""
"7632-1","City","Construction",2009,"Crawler Crane",2,481,44.99,59.99,69.99,,5702014534438,673419112413,48.01,37.8,9.4,1.13,"",0,0,0,,0,0,,,,,,,,,139.6900,69.6500,"01/01/2009","31/12/2010"
"7633-1","City","Construction",2009,"Construction Site",5,898,69.99,99.99,119.99,,5702014534445,673419112420,58.2,37.8,8.71,1.89,"",0,0,0,,0,0,,,,,,,,,227.3500,93.4800,"",""
"7634-1","City","Farm",2009,"Tractor",1,78,8.49,12.99,17.99,,5702014534452,673419112437,19.1,14.1,6.1,,"",0,0,0,,0,0,,,,,,,,,12.4500,12.0300,"01/03/2009","31/07/2011"
"7635-1","City","Farm",2009,"4WD with Horse Trailer",2,176,14.99,17.48,24.99,,5702014534469,673419159449,,,,,"",0,0,0,,0,0,,,,,,,,,49.0200,16.8700,"",""
"7636-1","City","Farm",2009,"Combine Harvester",1,360,34.99,44.99,59.99,,5702014534476,673419112451,48,28.2,7.4,,"",0,0,0,,0,0,,,,,,,,,238.3300,59.2300,"01/03/2009","31/12/2010"
"7637-1","City","Farm",2009,"Farm",3,609,61.99,89.99,109.99,,5702014534483,673419112468,48,37.8,11.2,,"",0,0,0,,0,0,,,,,,,,,273.4400,122.3500,"01/03/2009","31/07/2011"
"7638-1","City","Traffic",2009,"Tow Truck",1,129,9.99,12.99,17.99,,5702014534490,673419112475,26.2,14.1,4.8,0.21,"",0,0,0,,0,0,,,,,,,,,40.9400,9.4800,"01/06/2009","31/12/2010"
"7639-1","City","Great Outdoors",2009,"Camper",2,165,14.99,16.99,19.99,,5702014534506,673419112482,26.2,19.1,6.1,0.32,"",0,0,0,,0,0,,,,,,,,,43.9600,11.3400,"01/06/2009","31/12/2011"
"7641-1","City","Town",2009,"City Corner",5,483,49.99,59.99,79.99,,5702014534520,673419112505,54,28.2,9.1,1.04,"",0,0,0,,0,0,,,,,,,,,99.3400,46.4400,"01/06/2009","31/12/2011"
"7642-1","City","Town",2009,"Garage",4,953,69.99,99.99,129.99,,5702014534537,673419112512,58.2,37.8,10.31,1.88,"",0,0,0,,0,0,,,,,,,,,269.6700,78.6300,"01/06/2009","31/12/2010"
"7643-1","City","Air Show",2009,"Air-Show Plane",2,115,,,,,,673419113007,,,,,"",0,0,0,,0,0,,,,,,,,,30.8600,11.4100,"",""
"7682-1","Indiana Jones","Temple of Doom",2009,"Shanghai Chase",5,244,26.45,29.99,,,5702014533721,673419111973,38.2,26.2,5.65,0.47,"",0,0,0,,0,0,,,,,,,,,205.9300,111.0300,"01/01/2009","31/12/2009"
"7683-1","Indiana Jones","Raiders of the Lost Ark",2009,"Fight on the Flying Wing",4,376,41.09,49.99,,,5702014533738,673419111980,48,28.2,7.4,0.82,"",0,0,0,,0,0,,,,,,,,,233.0800,168.4500,"01/01/2009","31/12/2009"
"7685-1","City","Construction",2009,"Dozer",1,352,19.55,39.99,,,5702014534544,673419112529,48,28.2,7.4,0.82,"",0,0,0,,0,0,,,,,,,,,72.4700,36.0600,"01/01/2009","31/12/2009"
"7686-1","City","Traffic",2009,"Helicopter Transporter",3,377,19.55,39.99,,,5702014534551,673419112536,48,28.2,7.4,0.71,"",0,0,0,,0,0,,,,,,,,,75.1400,21.8500,"01/06/2009","31/12/2009"
"7687-1","City","Seasonal",2009,"City Advent Calendar",9,257,19.55,29.99,,,5702014534568,673419112543,38.2,26.2,7.05,0.4,"",0,0,0,,0,0,,,,,,,,,43.4100,15.0000,"",""
"7746-1","City","Construction",2009,"Single-Drum Roller",2,208,24.99,29.99,,,5702014536258,673419112987,38.2,26.2,7.1,,"",0,0,0,,0,0,,,,,,,,,60.4400,34.9500,"01/02/2009","31/12/2010"
"7747-1","City","General",2009,"Wind Turbine Transport",2,444,41.99,59.99,79.99,,5702014536265,673419112994,54,28.2,9.1,,"",0,0,0,,0,0,,,,,,,,,131.3400,69.3900,"01/07/2009","31/12/2010"
"7748-1","Star Wars","The Clone Wars",2009,"Corporate Alliance Tank Droid",4,216,24.99,24.99,29.99,,5702014537194,673419113298,28.2,26.2,4.6,0.31,"",0,0,0,,0,0,,,,,,,,,95.0800,41.8500,"01/06/2009","31/12/2010"
"7749-1","Star Wars","Episode V",2009,"Echo Base",5,155,24.99,24.99,29.99,,5702014537200,673419113304,28.2,26.2,6.4,0.34,"",0,0,0,,0,0,,,,,,,,,55.7200,34.1900,"01/06/2009","31/12/2010"
"7751-1","Star Wars","The Clone Wars",2009,"Ahsoka's Starfighter and Vulture Droid",4,291,31.29,39.99,,,,673419111713,38.2,26.2,5.7,,"",0,0,0,,0,0,,,,,,,,,233.2900,136.3600,"01/01/2009","31/12/2009"
"7752-1","Star Wars","The Clone Wars",2009,"Count Dooku's Solar Sailer",4,385,39.99,54.99,74.99,,,673419111737,48,28.2,7.4,,"",0,0,0,,0,0,,,,,,,,,233.0500,125.1400,"01/02/2009","31/12/2010"
"7753-1","Star Wars","The Clone Wars",2009,"Pirate Tank",3,372,34.99,39.99,49.99,,,673419111843,38.2,26.2,5.7,,"",0,0,0,,0,0,,,,,,,,,161.7200,71.9000,"01/08/2009","31/12/2010"
"7754-1","Star Wars","Episode VI",2009,"Home One Mon Calamari Star Cruiser",6,789,89.99,109.99,139.99,,5702014533325,673419111867,58.2,37.8,8.7,,"",0,0,0,,0,0,,,,,,,,,195.4300,117.5600,"01/08/2009","31/12/2010"
"7778-1","Star Wars","Episode IV",2009,"Midi-scale Millennium Falcon",,356,34.99,39.99,,,,673419114042,38.2,26.2,7.1,,"",0,0,0,,0,0,,,,,,,,,179.1000,57.4500,"01/07/2009","31/12/2010"
"7800-1","Racers","Tiny Turbos",2009,"Off Road Racer",,28,,,,,5702014540798,,,,,0.03,"",0,0,0,,0,0,,,,,,,,,4.7400,1.1400,"",""
"7801-1","Racers","Tiny Turbos",2009,"Rally Racer",,42,,,,,5702014540804,,,,,,"",0,0,0,,0,0,,,,,,,,,6.4200,2.6700,"",""
"7802-1","Racers","Tiny Turbos",2009,"Le Mans Racer",,29,,2.99,,,5702014540811,,14,14,0.9,,"",0,0,0,,0,0,,,,,,,,,5.8700,2.0000,"15/02/2009","31/12/2011"
"7803-1","Creator","Promotional",2009,"Jeep",,38,,,,,5702014540736,,17,17,0,,"",0,0,0,,0,0,,,,,,,,,4.3500,2.2100,"03/02/2009","31/12/2011"
"7804-1","Creator","Promotional",2009,"Lizard",,33,,,,,5702014540743,,14,14,0,,"",0,0,0,,0,0,,,,,,,,,4.8100,1.9800,"01/03/2009","30/04/2011"
"7805-1","Creator","Promotional",2009,"Shark",,44,,,,,5702014540750,,14,14,0,,"",0,0,0,,0,0,,,,,,,,,4.4000,3.3600,"01/01/2009","31/12/2010"
"7806-1","Creator","Miscellaneous",2009,"Truck",,,,,,,,,,,,,"",0,0,0,,0,0,,,,,,,,,,,"",""
"7807-1","Creator","Miscellaneous",2009,"Airliner",,,,,,,,,,,,,"",0,0,0,,0,0,,,,,,,,,,,"",""
"7808-1","Creator","Promotional",2009,"Yellow Airplane",,34,,,,,5702014726390,,17,17,0,,"",0,0,0,,0,0,,,,,,,,,5.9100,2.0000,"03/02/2009","31/12/2011"
"8014-1","Star Wars","The Clone Wars",2009,"Clone Walker Battle Pack",4,72,9.99,11.99,14.99,,5702014533202,673419111744,19.1,14.1,4.6,0.11,"",0,0,0,,0,0,,,,,,,,,71.0400,37.0500,"01/01/2009","31/12/2010"
"8015-1","Star Wars","The Clone Wars",2009,"Assassin Droids Battle Pack",5,94,9.99,11.99,14.99,,5702014533226,673419111768,19.1,14.1,4.6,0.1,"",0,0,0,,0,0,,,,,,,,,33.1000,10.5700,"01/01/2009","31/12/2010"
"8016-1","Star Wars","The Clone Wars",2009,"Hyena Droid Bomber",3,232,24.99,19.99,26.99,,5702014533240,673419111782,28.2,26.2,6.4,0.41,"",0,0,0,,0,0,,,,,,,,,98.0900,35.5700,"01/01/2009","31/12/2010"
"8017-1","Star Wars","Episode IV",2009,"Darth Vader's TIE Fighter",1,251,34.99,29.99,39.99,,5702014533257,673419111799,38.2,26.2,7.05,0.55,"",0,0,0,,0,0,,,,,,,,,185.1200,56.2800,"01/01/2009","31/12/2010"
"8018-1","Star Wars","The Clone Wars",2009,"Armored Assault Tank (AAT)",7,407,39.99,49.99,64.99,,,673419111812,48.01,28.2,6.1,0.79,"",0,0,0,,0,0,,,,,,,,,182.6100,71.9400,"01/01/2009","31/12/2010"
"8019-1","Star Wars","The Clone Wars",2009,"Republic Attack Shuttle",3,636,49.99,59.99,79.99,,,673419111829,54,28.2,7.85,1.12,"",0,0,0,,0,0,,,,,,,,,179.5000,112.8400,"01/01/2009","31/12/2010"
"8033-1","Star Wars","The Clone Wars",2009,"General Grievous' Starfighter",,44,,3.99,,,5702014534766,673419132725,17,14,0,,"",0,0,0,,0,0,,,,,,,,,7.9100,5.4900,"01/01/2009","31/12/2010"
"8036-1","Star Wars","The Clone Wars",2009,"Separatist Shuttle",5,259,34.99,29.99,39.99,,,673419111874,38.2,26.2,5.65,0.47,"",0,0,0,,0,0,,,,,,,,,107.4400,44.3700,"01/06/2009","31/12/2010"
"8037-1","Star Wars","The Clone Wars",2009,"Anakin's Y-wing Starfighter",3,570,49.99,59.99,79.99,,5702014533356,673419111898,54,28.2,7.85,0.96,"",0,0,0,,0,0,,,,,,,,,237.7700,96.8400,"01/06/2009","31/12/2010"
"8038-1","Star Wars","Episode VI",2009,"The Battle of Endor",12,890,84.99,99.99,129.99,,5702014533363,673419111904,58.2,37.8,8.7,1.54,"",0,0,0,,0,0,,,,,,,,,266.1800,164.1800,"01/06/2009","31/12/2011"
"8039-1","Star Wars","The Clone Wars",2009,"Venator-class Republic Attack Cruiser",5,1170,102.99,119.99,149.99,,5702014533370,673419111911,58.2,37.8,8.7,1.95,"",0,0,0,,0,0,,,,,,,,,565.4000,278.5300,"01/06/2009","31/12/2011"
"8063-1","Technic","",2009,"Tractor with Trailer",,1100,63.59,99.99,,,5702014539778,673419121392,58.2,37.8,8.7,,"",0,0,0,,0,0,,,,,,,,,188.8800,100.3400,"01/09/2009","31/12/2009"
"8119-1","Racers","Tiny Turbos",2009,"Thunder Racer",,48,3.89,4.99,,,5702014533912,673419112123,10.2,14.7,4.8,0.1,"",0,0,0,,0,0,,,,,,,,,16.4200,4.0700,"",""
"8120-1","Racers","Tiny Turbos",2009,"Rally Sprinter",,47,3.89,4.99,,,5702014533936,673419112147,10.2,14.7,4.8,0.09,"",0,0,0,,0,0,,,,,,,,,20.0000,6.0000,"",""
"8121-1","Racers","Tiny Turbos",2009,"Track Marshall",,48,3.89,4.99,,,5702014533967,673419112178,10.2,14.7,4.8,0.09,"",0,0,0,,0,0,,,,,,,,,13.2700,3.8200,"",""
"8122-1","Racers","Tiny Turbos",2009,"Desert Viper",,41,3.89,4.99,,,5702014533974,673419112185,10.2,14.7,4.8,0.09,"",0,0,0,,0,0,,,,,,,,,16.0000,6.0000,"",""
"8123-1","Racers","Tiny Turbos",2009,"Ferrari F1 Racers",,139,9.79,14.99,,,5702014533998,673419112208,26.1,14.8,7,,"",0,0,0,,0,0,,,,,,,,,47.4900,6.2800,"01/01/2009","31/12/2009"
"8124-1","Racers","Tiny Turbos",2009,"Ice Rally",,170,9.79,14.99,,,,673419112239,26.1,14.8,7,0.29,"",0,0,0,,0,0,,,,,,,,,30.0000,7.7600,"",""
"8125-1","Racers","Tiny Turbos",2009,"Thunder Raceway",,160,9.79,14.99,,,5702014534056,673419112260,26.1,14.8,7,0.29,"",0,0,0,,0,0,,,,,,,,,38.2000,9.9900,"",""
"8126-1","Racers","Tiny Turbos",2009,"Desert Challenge",,144,9.79,14.99,,,5702014534070,673419112284,26.1,14.8,7,0.3,"",0,0,0,,0,0,,,,,,,,,28.5500,6.7000,"",""
"8162-1","Racers","Power Racers",2009,"Race Rig",,104,7.85,12.99,,,5702014533790,673419112000,26.2,14.1,6.1,0.22,"",0,0,0,,0,0,,,,,,,,,10.0000,7.0000,"",""
"8163-1","Racers","Power Racers",2009,"Blue Sprinter",,110,7.85,12.99,,,,673419112017,26.2,14.1,6.1,0.22,"",0,0,0,,0,0,,,,,,,,,19.6000,2.0000,"",""
"8164-1","Racers","Power Racers",2009,"Extreme Wheelie",,87,7.85,12.99,,,5702014533813,673419112024,26.2,14.1,6.1,0.19,"",0,0,0,,0,0,,,,,,,,,8.0000,5.0000,"",""
"8165-1","Racers","Power Racers",2009,"Monster Jumper",,91,7.85,12.99,,,,673419112031,26.2,14.1,6.1,0.22,"",0,0,0,,0,0,,,,,,,,,9.9500,6.9900,"",""
"8166-1","Racers","Power Racers",2009,"Wing Jumper",,203,14.65,19.99,,,5702014533837,673419112048,28.2,26.2,6.4,0.47,"",0,0,0,,0,0,,,,,,,,,20.7800,19.2300,"",""
"8167-1","Racers","Power Racers",2009,"Jump Riders",,209,15.65,19.99,,,5702014533844,673419112055,28.2,26.2,6.4,0.47,"",0,0,0,,0,0,,,,,,,,,25.9400,8.9900,"",""
"8168-1","Racers","Ferrari",2009,"Ferrari Victory",3,202,15.65,19.99,,,5702014533851,673419112062,28.2,26.2,6.4,0.38,"",0,0,0,,0,0,,,,,,,,,130.1600,43.6200,"",""
"8169-1","Racers","Lamborghini",2009,"Lamborghini Gallardo LP 560-4",,741,59.99,59.99,79.99,,5702014533868,673419112079,35.41,37.8,7.06,1.24,"",0,0,0,,0,0,,,,,,,,,341.1200,97.0900,"01/06/2009","31/12/2010"
"8182-1","Racers","Tiny Turbos",2009,"Monster Crushers",,388,31.29,39.99,,,,673419112086,48.01,28.2,7.4,0.71,"",0,0,0,,0,0,,,,,,,,,152.1500,33.0000,"01/06/2009","31/12/2009"
"8183-1","Racers","Remote Control",2009,"Track Turbo RC",,92,24.99,39.99,49.99,,5702014534339,673419112352,35.41,19.1,7.01,0.49,"",0,0,0,,0,0,,,,,,,,,126.2100,42.3700,"01/01/2009","31/12/2010"
"8184-1","Racers","Remote Control",2009,"Twin X-treme RC",,239,36.19,,,,5702014534346,,38.2,26.2,7.1,,"",0,0,0,,0,0,,,,,,,,,118.0700,94.9900,"01/03/2009","31/12/2009"
"8185-1","Racers","Ferrari",2009,"Ferrari Truck",5,534,59.99,79.99,99.99,,,673419112093,48.01,37.8,9.4,1.28,"",0,0,0,,0,0,,,,,,,,,240.3400,66.0300,"01/06/2009","31/12/2010"
"8186-1","Racers","Tiny Turbos",2009,"Street Extreme",,757,49.99,69.99,89.99,,,673419112109,48.01,37.8,9.4,1.41,"",0,0,0,,0,0,,,,,,,,,131.2800,50.0000,"01/06/2009","31/12/2010"
"8256-1","Technic","",2009,"Go-Kart",,144,14.99,14.99,,,5702014536234,673419112932,26.2,19.1,6.1,0.29,"",0,0,0,,0,0,,,,,,,,,60.0000,9.9400,"01/01/2009","31/12/2010"
"8258-1","Technic","",2009,"Crane Truck",,1877,129.99,149.99,,,5702014532441,,58.2,48,9.1,,"",0,0,0,,0,0,,,,,,,,,469.3800,205.6200,"01/08/2009","31/12/2011"
"8259-1","Technic","",2009,"Mini Bulldozer",,165,9.99,9.99,12.99,,5702014532403,,19.1,14.1,4.6,,"",0,0,0,,0,0,,,,,,,,,30.6700,8.3100,"01/01/2009","31/12/2010"
"8260-1","Technic","",2009,"Tractor",,104,9.99,9.99,,,,673419111225,19.1,14.1,4.6,0.18,"",0,0,0,,0,0,,,,,,,,,30.1400,9.6500,"01/01/2009","31/12/2010"
"8261-1","Technic","",2009,"Rally Truck",,198,19.99,24.99,,,5702014532427,673419111232,28.2,26.2,6.4,0.46,"",0,0,0,,0,0,,,,,,,,,53.7900,17.8500,"",""
"8262-1","Technic","",2009,"Quad-Bike",,308,29.99,39.99,,,,673419111935,38.2,26.2,7.05,0.56,"",0,0,0,,0,0,,,,,,,,,81.8100,21.2500,"01/01/2009","31/12/2010"
"8263-1","Technic","",2009,"Snow Groomer",,590,39.99,49.99,64.99,,5702014533400,673419111928,48.01,28.2,6.1,0.96,"",0,0,0,,0,0,,,,,,,,,220.9400,57.6100,"01/08/2009","31/12/2010"
"8264-1","Technic","",2009,"Hauler",,575,59.99,69.99,,,5702014533424,673419111942,54,28.2,7.85,1.27,"",0,0,0,,0,0,,,,,,,,,206.4900,53.7800,"01/01/2009","31/12/2010"
"8265-1","Technic","",2009,"Front Loader",,1061,74.99,79.99,129.99,,5702014532434,,58.2,37.8,8.7,,"",0,0,0,,0,0,,,,,,,,,218.8300,90.5600,"01/08/2009","31/12/2010"
"8396-1","Pirates","",2009,"Soldier's Arsenal",1,17,2.45,3.49,,,5702014518575,673419103275,9.4,9.1,4.05,0.03,"",0,0,0,,0,0,,,,,,,,,15.7200,9.0200,"",""
"8397-1","Pirates","",2009,"Pirate Survival",1,16,2.49,3.49,,,5702014518629,673419103282,9.4,9.1,4.05,0.03,"",0,0,0,,0,0,,,,,,,,,18.6200,6.1400,"",""
"8398-1","City","General",2009,"BBQ Stand",1,22,2.49,3.49,,,5702014518636,673419103299,9.4,9.1,4.05,0.03,"",0,0,0,,0,0,,,,,,,,,9.0900,5.6700,"01/01/2009","31/05/2010"
"8399-1","Space","Space Police 3",2009,"K-9 Bot",1,22,1.95,3.49,,,5702014518643,673419103305,9.4,9.1,4.05,0.03,"",0,0,0,,0,0,,,,,,,,,16.2600,8.3300,"01/06/2009","31/12/2009"
"8400-1","Space","Space Police 3",2009,"Space Speeder",1,14,1.95,3.49,,,5702014518650,673419103312,9.4,9.1,4.05,0.03,"",0,0,0,,0,0,,,,,,,,,12.0800,4.1200,"01/06/2009","31/12/2009"
"8401-1","City","Town",2009,"City Minifigure Collection",4,60,7.99,9.99,12.99,,5702014518667,673419103329,19,14.1,4.4,0.09,"",0,0,0,,0,0,,,,,,,,,18.1400,8.5300,"01/01/2009","31/12/2010"
"8402-1","City","Traffic",2009,"Sports Car",1,68,7.99,9.99,12.99,,5702014518674,673419103336,19.1,14.1,4.6,0.12,"",0,0,0,,0,0,,,,,,,,,15.2300,6.1300,"01/06/2009","31/12/2010"
"8547-1","Mindstorms","NXT 2.0",2009,"Mindstorms NXT 2.0",,619,234.99,279.99,349.99,,5702014537101,673419113250,48.01,37.8,9.4,2.06,"",0,0,0,,0,0,,,,,,,,,350.0000,168.4200,"01/08/2009","31/12/2012"
"8707-1","Power Miners","",2009,"Boulder Blaster",2,293,26.45,26.99,,,5702014536197,673419112857,38.2,26.2,7.1,,"",0,0,0,,0,0,,,,,,,,,118.3400,69.2400,"01/02/2009","31/12/2009"
"8708-1","Power Miners","",2009,"Cave Crusher",3,259,34.25,49.99,,,5702014536203,673419112864,54,28.2,9.1,,"",0,0,0,,0,0,,,,,,,,,244.5500,101.9500,"01/08/2009","31/12/2009"
"8709-1","Power Miners","",2009,"Underground Mining Station",4,637,51.85,79.99,,,5702014536210,673419112871,58.2,37.8,8.7,,"",0,0,0,,0,0,,,,,,,,,293.0200,173.1100,"01/08/2009","31/12/2009"
"8866-1","Power Functions","Trains",2009,"Train Motor",,7,9.99,10.99,14.99,,,673419113014,,,,,"",0,0,0,,0,0,,,,,,,,,24.3800,10.0000,"",""
"8867-1","City","Trains",2009,"Flexible Train Tracks",,64,24.99,24.99,29.99,29.99,,673419113038,,,,,"",0,0,0,,0,0,,,,,,,,,53.3300,32.3600,"",""
"8869-1","Power Functions","Accessories",2009,"Polarity Switch",,1,4.99,5.79,7.99,6.52,673419243858,673419104432,,,,,"",0,0,0,,0,0,,,,,,,,,11.9800,9.4200,"",""
"8870-1","Power Functions","Accessories",2009,"Light Set",,1,5.49,6.49,7.99,7.3,,673419243865,,,,0.01,"",0,0,0,,0,0,,,,,,,,,14.2200,9.0000,"",""
"8871-1","Power Functions","Accessories",2009,"Extension Cable (50cm)",,1,3.49,3.99,4.99,4.57,673419104456,673419104456,,,,0.01,"",0,0,0,,0,0,,,,,,,,,14.6700,13.4000,"",""
"8878-1","Power Functions","Accessories",2009,"Rechargeable Battery Box",,1,42.99,49.99,64.99,56.99,,673419113021,,,,0.08,"",0,0,0,,0,0,,,,,,,,,118.8100,61.2800,"",""
"8879-1","Power Functions","Accessories",2009,"IR Speed Remote Control",,1,10.99,12.99,17.99,14.12,,673419137072,,,,0.09,"",0,0,0,,0,0,,,,,,,,,31.9600,23.7800,"",""
"8887-1","Power Functions","Accessories",2009,"Transformer 10V DC",,1,19.99,29.99,35.99,24.99,5702014809697,673419121545,,,,0.13,"",0,0,0,,0,0,,,,,,,,,31.1700,25.9300,"",""
"8907-1","Power Miners","Promotional",2009,"Rock Hacker",1,29,,,,,,673419115049,14,14,0,,"",0,0,0,,0,0,,,,,,,,,29.9900,20.4800,"01/01/2009","31/12/2009"
"8908-1","Power Miners","Promotional",2009,"Monster Launcher",1,13,,,,,,673419115056,17,17,0,,"",0,0,0,,0,0,,,,,,,,,28.9900,10.9900,"01/01/2009","31/12/2009"
"8956-1","Power Miners","",2009,"Stone Chopper",2,31,3.89,5.99,,,5702014536104,673419112765,14.1,12.2,4.6,0.09,"",0,0,0,,0,0,,,,,,,,,36.2200,7.9900,"01/01/2009","31/12/2009"
"8957-1","Power Miners","",2009,"Mine Mech",2,67,6.85,7.99,,,,673419112772,14.1,19.1,6.1,0.13,"",0,0,0,,0,0,,,,,,,,,72.3400,12.2300,"01/01/2009","31/12/2009"
"8958-1","Power Miners","",2009,"Granite Grinder",2,94,8.79,9.99,,,,673419112789,26.2,14.1,6.1,0.18,"",0,0,0,,0,0,,,,,,,,,76.0600,14.4600,"01/01/2009","31/12/2009"
"8959-1","Power Miners","",2009,"Claw Digger",2,197,15.65,19.99,,,,673419112796,28.2,26.2,7.6,0.45,"",0,0,0,,0,0,,,,,,,,,92.4300,25.0200,"01/01/2009","31/12/2009"
"8960-1","Power Miners","",2009,"Thunder Driller",3,235,21.99,29.99,,,,673419112802,38.2,26.2,9.4,0.7,"",0,0,0,,0,0,,,,,,,,,130.5000,53.4900,"01/01/2009","31/07/2010"
"8961-1","Power Miners","",2009,"Crystal Sweeper",4,474,41.09,69.99,,,,673419112819,48,37.8,7.05,1.06,"",0,0,0,,0,0,,,,,,,,,294.7100,88.9100,"01/01/2009","31/12/2009"
"8962-1","Power Miners","",2009,"Crystal King",2,168,14.99,19.99,,,,673419112826,19.1,26.2,6.1,0.3,"",0,0,0,,0,0,,,,,,,,,96.0100,26.9500,"01/06/2009","31/12/2010"
"8963-1","Power Miners","",2009,"Rock Wrecker",2,225,24.99,34.99,44.99,,5702014536173,673419112833,38.2,26.2,9.4,0.65,"",0,0,0,,0,0,,,,,,,,,69.7500,39.7100,"01/06/2009","31/12/2010"
"8964-1","Power Miners","",2009,"Titanium Command Rig",5,706,59.99,99.99,129.99,,,673419112840,58.2,37.8,8.71,1.75,"",0,0,0,,0,0,,,,,,,,,407.6700,113.3800,"01/06/2009","31/12/2010"
"8967-1","Agents","2.0",2009,"Gold Tooth's Getaway",2,68,8.79,9.99,,,,673419111355,26.2,14.1,4.8,0.13,"",0,0,0,,0,0,,,,,,,,,25.3900,8.1400,"01/06/2009","31/12/2009"
"8968-1","Agents","2.0",2009,"River Heist",3,203,15.65,19.99,,,,673419111362,35.4,19.1,5.9,0.33,"",0,0,0,,0,0,,,,,,,,,35.1300,12.9400,"01/06/2009","31/12/2009"
"8969-1","Agents","2.0",2009,"4-Wheeling Pursuit",2,320,21.49,29.99,,,,673419111379,38.2,26.2,9.4,0.66,"",0,0,0,,0,0,,,,,,,,,80.0000,32.4000,"01/06/2009","31/12/2009"
"8970-1","Agents","2.0",2009,"Robo Attack",6,414,31.29,49.99,,,5702014532830,673419111386,35.4,37.8,9.4,0.81,"",0,0,0,,0,0,,,,,,,,,136.8000,55.3200,"01/06/2009","31/12/2009"
"8971-1","Agents","2.0",2009,"Aerial Defense Unit",7,733,41.09,79.99,,,,673419111393,48,37.8,9.4,1.45,"",0,0,0,,0,0,,,,,,,,,175.0000,50.8900,"01/06/2009","31/12/2009"
"8972-1","Bionicle","Agori",2009,"Atakus",,13,4.89,6.99,,,,673419111652,12.46,14.4,6.95,0.12,"",0,0,0,,0,0,,,,,,,,,37.5700,7.5500,"01/01/2009","31/12/2009"
"8973-1","Bionicle","Agori",2009,"Raanu",,14,4.89,6.99,,,,673419111669,12.46,14.4,6.95,0.11,"",0,0,0,,0,0,,,,,,,,,55.0000,6.2200,"01/01/2009","31/12/2009"
"8974-1","Bionicle","Agori",2009,"Tarduk",,17,4.89,6.99,,,,673419111676,12.46,14.4,6.95,0.11,"",0,0,0,,0,0,,,,,,,,,36.6100,7.2300,"01/01/2009","31/12/2009"
"8975-1","Bionicle","Agori",2009,"Berix",,15,4.89,6.99,,,,673419111683,12.46,14.4,6.95,0.11,"",0,0,0,,0,0,,,,,,,,,33.0000,7.5200,"01/01/2009","31/12/2009"
"8976-1","Bionicle","Agori",2009,"Metus",,14,4.89,6.99,,,,673419111690,12.46,14.4,6.95,0.11,"",0,0,0,,0,0,,,,,,,,,20.0000,6.6600,"01/01/2009","31/12/2009"
"8977-1","Bionicle","Agori",2009,"Zesk",,16,4.89,6.99,,,,673419111706,12.46,14.4,6.95,0.11,"",0,0,0,,0,0,,,,,,,,,39.9000,7.7200,"01/01/2009","31/12/2009"
"8978-1","Bionicle","Glatorian",2009,"Skrall",,50,8.79,12.99,,,,673419112116,14,23,7.35,0.26,"",0,0,0,,0,0,,,,,,,,,59.5900,19.4700,"01/01/2009","31/12/2009"
"8979-1","Bionicle","Glatorian",2009,"Malum",,59,8.79,12.99,,,,673419112130,14,23,7.35,0.26,"",0,0,0,,0,0,,,,,,,,,69.8200,18.3900,"01/01/2009","31/12/2009"
"8980-1","Bionicle","Glatorian",2009,"Gresh",,55,8.79,12.99,,,,673419112154,14,23,7.35,0.26,"",0,0,0,,0,0,,,,,,,,,79.2100,19.1300,"01/01/2009","31/12/2009"
"8981-1","Bionicle","Glatorian",2009,"Tarix",,57,8.79,12.99,,,5702014533950,673419112161,14,23,7.35,0.26,"",0,0,0,,0,0,,,,,,,,,87.0100,20.5200,"01/01/2009","31/12/2009"
"8982-1","Bionicle","Glatorian",2009,"Strakk",,46,8.79,12.99,,,,673419112192,14,23,7.35,0.26,"",0,0,0,,0,0,,,,,,,,,75.0000,18.6300,"01/01/2009","31/12/2009"
"8983-1","Bionicle","Glatorian",2009,"Vorox",,51,8.79,12.99,,,,673419112215,14,23,7.35,0.26,"",0,0,0,,0,0,,,,,,,,,59.0300,23.3900,"01/01/2009","31/12/2009"
"8984-1","Bionicle","Glatorian Legends",2009,"Stronius",,55,8.99,12.99,,,5702014534018,673419112222,14,23.01,7.35,0.26,"",0,0,0,,0,0,,,,,,,,,66.5700,17.7000,"01/07/2009","31/07/2010"
"8985-1","Bionicle","Glatorian Legends",2009,"Ackar",,55,8.99,12.99,14.99,,,673419112246,14,23.01,7.35,0.25,"",0,0,0,,0,0,,,,,,,,,57.8200,19.5600,"01/07/2009","31/07/2010"
"8986-1","Bionicle","Glatorian Legends",2009,"Vastus",,52,8.99,12.99,,,,673419112253,14,23.01,7.35,0.25,"",0,0,0,,0,0,,,,,,,,,65.0000,16.8700,"01/07/2009","31/07/2010"
"8987-1","Bionicle","Glatorian Legends",2009,"Kiina",,43,8.99,12.99,14.99,,,673419112277,14,23.01,7.35,0.23,"",0,0,0,,0,0,,,,,,,,,41.2600,19.8500,"01/08/2009","31/07/2010"
"8988-1","Bionicle","Glatorian Legends",2009,"Gelu",,52,8.99,12.99,14.99,,,673419112291,14,23.01,7.35,0.24,"",0,0,0,,0,0,,,,,,,,,77.2400,23.0000,"01/07/2009","31/07/2010"
"8989-1","Bionicle","Glatorian Legends",2009,"Mata Nui",,52,8.99,12.99,,,,673419112307,14,23.01,7.35,0.25,"",0,0,0,,0,0,,,,,,,,,174.6900,35.1800,"01/07/2009","31/07/2010"
"8990-1","Bionicle","Vehicles/Creatures",2009,"Fero and Skirmix",,148,14.65,19.99,,,5702014533097,673419111638,26.2,28.2,6.4,,"",0,0,0,,0,0,,,,,,,,,121.3100,58.1800,"01/01/2009","31/12/2009"
"8991-1","Bionicle","Warriors",2009,"Tuma",,188,14.65,19.99,,,,673419111645,26.2,28.2,6.4,0.41,"",0,0,0,,0,0,,,,,,,,,100.4100,50.5000,"01/01/2009","31/12/2009"
"8992-1","Bionicle","Vehicles/Creatures",2009,"Cendox V1",,151,14.99,19.99,24.99,,,673419111751,26.2,28.2,6.4,0.44,"",0,0,0,,0,0,,,,,,,,,70.0000,30.1400,"01/07/2009","31/07/2010"
"8993-1","Bionicle","Vehicles/Creatures",2009,"Kaxium V3",,251,19.99,29.99,,,,673419111775,38.2,26.2,7.06,0.63,"",0,0,0,,0,0,,,,,,,,,85.0000,40.1900,"01/08/2009","31/07/2010"
"8994-1","Bionicle","Vehicles/Creatures",2009,"Baranus V7",,263,29.35,39.99,49.99,,,673419111836,48.01,28.2,6.1,0.67,"",0,0,0,,0,0,,,,,,,,,150.0000,65.0900,"01/08/2009","31/07/2010"
"8995-1","Bionicle","Vehicles/Creatures",2009,"Thornatus V9",,438,44.99,59.99,79.99,,,673419111850,48.01,37.8,9.4,1.34,"",0,0,0,,0,0,,,,,,,,,194.7900,140.2900,"01/08/2009","31/07/2010"
"8996-1","Bionicle","Vehicles/Creatures",2009,"Skopio XV-1",,849,59.99,89.99,,,,673419111881,58.2,37.8,8.71,1.59,"",0,0,0,,0,0,,,,,,,,,475.3200,198.6200,"01/08/2009","31/07/2010"
"8998-1","Bionicle","Warriors",2009,"Toa Mata Nui",,366,29.35,49.99,,,5702014533264,,48,37.8,7.1,,"",0,0,0,,0,0,,,,,,,,,1703.0500,641.6800,"01/08/2009","31/12/2009"
"9077-1","Education","Duplo",2009,"Brick Runner Set",,132,,116,,,5702014532175,,,,,,"",0,0,0,,0,0,,,,,,,,,,,"",""
"9078-1","Education","Duplo",2009,"Duplo Special Elements Set",,109,,90,,,,,,,,,"",0,0,0,,0,0,,,,,,,,,77.7900,50.0000,"",""
"9079-1","Education","Duplo",2009,"Small Building Plates",,15,,40,,,5702014532199,,,,,0.85,"",0,0,0,,0,0,,,,,,,,,42.4200,,"",""
"9580-1","Education","",2009,"WeDo Construction Set",,158,,130,,,5702014527133,,,,,0.55,"",0,0,0,,0,0,,,,,,,,,130.9200,90.0000,"",""
"9581-1","Education","Mindstorms",2009,"LEGO USB Hub",,1,,,,,5702014532205,,,,,0.17,"",0,0,0,,0,0,,,,,,,,,41.8600,17.8100,"",""
"9583-1","Education","Mindstorms",2009,"Motion Sensor",,1,,,,,5702014532229,,,,,0.17,"",0,0,0,,0,0,,,,,,,,,23.9300,11.0000,"",""
"9584-1","Education","Mindstorms",2009,"Tilt Sensor",,1,,,,,5702014532236,,,,,0.17,"",0,0,0,,0,0,,,,,,,,,27.3100,10.1900,"",""
"9686-1","Education","",2009,"Simple & Powered Machines Set",2,396,189.99,199.95,259.99,204.7,5702014533431,,43.8,32.3,17.4,3.69,"",0,0,0,,0,0,,,,,,,,,215.4200,129.7900,"01/01/2009","31/12/2020"
"9690-1","Education","Duplo",2009,"Unknown",2,172,,,,,5702014536722,,,,,,"",0,0,0,,0,0,,,,,,,,,,,"",""
"9698-1","Education","FIRST LEGO League Challenge",2009,"Smart Move Challenge Kit",,1309,,,,,,,,,,,"",0,0,0,,0,0,,,,,,,,,,240.0000,"",""
"9749-1","Mindstorms","NXT",2009,"NXT Temperature Sensor",,1,,,,,5702014528857,,,,,,"",0,0,0,,0,0,,,,,,,,,33.8800,36.3900,"",""
"9999-1","Education","Duplo",2009,"Upgrade Kit for 9654",,7,,,,,,,,,,,"",0,0,0,,0,0,,,,,,,,,,,"",""
"10193-1","Castle","Fantasy Era",2009,"Medieval Market Village",8,1601,71.99,99.99,134.99,,5702014534711,673419124300,58.2,37.8,8.7,,"",0,0,0,,0,0,,,,,,,,,336.1000,346.8900,"01/01/2009","01/02/2009"
"10194-1","Advanced models","Trains",2009,"Emerald Night",3,1085,69.99,99.99,129.99,,,673419121798,54,28.2,7.9,,"",0,0,0,,0,0,,,,,,,,,618.2600,481.0300,"01/04/2009","31/12/2011"
"10195-1","Star Wars","The Clone Wars",2009,"Republic Dropship with AT-OT",8,1758,183.99,249.99,349.99,,,673419169110,58.2,48,9.1,,"",0,0,0,,0,0,,,,,,,,,1526.7300,818.9400,"01/05/2009","31/12/2011"
"10196-1","Advanced models","Fairground Collection",2009,"Grand Carousel",9,3263,179.99,249.99,349.99,,,673419121804,58.2,48,9.1,,"",0,0,0,,0,0,,,,,,,,,1635.7300,718.5800,"01/07/2009","31/05/2010"
"10197-1","Advanced models","Modular Buildings Collection",2009,"Fire Brigade",4,2231,99.99,149.99,199.99,,,673419121811,58.2,48,9.1,,"",0,0,0,,0,0,,,,,,,,,632.4400,423.0400,"01/09/2009","31/12/2013"
"10198-1","Star Wars","Episode IV",2009,"Tantive IV",5,1408,122.99,149.99,199.99,,,673419121842,0,0,0,,"",0,0,0,,0,0,,,,,,,,,311.4100,174.8800,"01/09/2009","31/12/2011"
"10199-1","Advanced models","Winter Village Collection",2009,"Winter Village Toy Shop",7,815,44.99,59.99,79.99,,,673419121828,48,37.8,7.1,,"",0,0,0,,0,0,,,,,,,,,194.7800,163.8100,"01/10/2009","31/12/2011"
"10287-1","Mindstorms","NXT",2009,"Intelligent NXT Brick (Black)",,1,107.65,169.99,,,,673419122641,,,,,"",0,0,0,,0,0,,,,,,,,,175.0000,125.0000,"",""
"20007-1","Star Wars","The Clone Wars",2009,"Republic Attack Cruiser",,84,,,,,,673419109345,,,,,"",0,0,0,,0,0,,,,,,,,,36.2000,16.4400,"",""
"20008-1","Creator","Promotional",2009,"Tow Truck",,79,4.59,,,,,673419112956,,,,,"",0,0,0,,0,0,,,,,,,,,11.4800,3.2000,"",""
"20009-1","Star Wars","The Clone Wars",2009,"AT-TE Walker",,94,4.59,,,,,673419112949,,,,,"",0,0,0,,0,0,,,,,,,,,28.6200,15.8100,"",""
"20010-1","Star Wars","The Clone Wars",2009,"Republic Gunship",,94,4.59,,,,,673419112970,,,,,"",0,0,0,,0,0,,,,,,,,,32.7600,17.5300,"",""
"20011-1","Creator","Promotional",2009,"Refuse Truck",,74,4.59,,,,,673419112963,,,,,"",0,0,0,,0,0,,,,,,,,,18.0000,4.3600,"",""
"20012-1","Bionicle","Promotional",2009,"Click",,33,4.59,,,,,673419113199,,,,,"",0,0,0,,0,0,,,,,,,,,9.4000,8.7600,"",""
"21002-1","Architecture","Landmark Series",2009,"Empire State Building",,77,19.99,19.99,26.99,,5702014712836,673419160100,,,,0.19,"",0,0,0,,0,0,,,,,,,,,74.2400,15.5200,"",""
"21003-1","Architecture","Landmark Series",2009,"Seattle Space Needle",,57,19.99,19.99,26.99,19.99,5702014712843,673419160117,,,,,"",0,0,0,,0,0,,,,,,,,,109.0900,35.9000,"",""
"21004-1","Architecture","Architect Series",2009,"Solomon Guggenheim Museum",,208,34.99,39.99,49.99,,5702014712850,673419113489,26.2,19.1,6.1,,"",0,0,0,,0,0,,,,,,,,,103.4200,44.7800,"01/05/2009","30/04/2011"
"21005-1","Architecture","Architect Series",2009,"Fallingwater",,811,74.99,99.99,129.99,89.99,5702014712881,673419160131,38.2,26.2,7.1,,"",0,0,0,,0,0,,,,,,,,,356.2800,159.2700,"01/07/2009","30/04/2011"
"30000-1","City","Medical",2009,"Medic's Car",1,30,0,,,,5702014596474,,,,,,"",0,0,0,,0,0,,,,,,,,,5.3000,2.5000,"",""
"30001-1","City","Fire",2009,"Fireman's Car",1,39,,,,,5702014596535,,,,,,"",0,0,0,,0,0,,,,,,,,,8.0900,3.7000,"",""
"30002-1","City","Police",2009,"Police Boat",1,30,,2.99,,,5702014596450,673419140157,17,17,1,,"",0,0,0,,0,0,,,,,,,,,4.7300,1.3200,"01/09/2009","31/12/2010"
"30003-1","City","Construction",2009,"Road Roller",1,31,,,,,5702014596498,,,,,,"",0,0,0,,0,0,,,,,,,,,7.4400,6.3200,"",""
"30004-1","Star Wars","The Clone Wars",2009,"Battle Droid on STAP",1,28,,,,,5702014596375,,,,,,"",0,0,0,,0,0,,,,,,,,,20.3300,14.9000,"",""
"30005-1","Star Wars","Episode VI",2009,"Imperial Speeder Bike",1,33,3.99,3.99,,,5702014596399,673419148665,,,,,"",0,0,0,,0,0,,,,,,,,,13.0400,9.7700,"",""
"30006-1","Star Wars","The Clone Wars",2009,"Clone Walker",1,31,3.99,,,,5702014596412,,,,,,"",0,0,0,,0,0,,,,,,,,,24.4100,9.0000,"",""
"30008-1","Creator","Seasonal",2009,"Snowman",,44,,3.5,,,,673419149389,,,,,"",0,0,0,,0,0,,,,,,,,,8.0000,3.1200,"",""
"30009-1","Creator","Seasonal",2009,"Christmas Tree",,47,,3.5,,,5702014726383,673419149396,,,,,"",0,0,0,,0,0,,,,,,,,,5.4000,3.7800,"",""
"40000-1","Seasonal","Christmas",2009,"Cool Santa Set",,152,6.85,9.99,,,,673419134170,,,,,"",0,0,0,,0,0,,,,,,,,,21.1300,10.9900,"",""
"40001-1","Seasonal","Christmas",2009,"Santa Claus",,42,2.95,4.99,,,,673419134194,,,,,"",0,0,0,,0,0,,,,,,,,,8.0800,9.0000,"",""
"40002-1","Seasonal","Christmas",2009,"Xmas Tree",,61,2.95,4.99,,,,673419134200,,,,,"",0,0,0,,0,0,,,,,,,,,9.6600,6.7500,"",""
"40003-1","Seasonal","Christmas",2009,"Snowman",,44,2.95,4.99,,,,673419134187,,,,,"",0,0,0,,0,0,,,,,,,,,20.1400,9.0800,"",""
"66283-1","Duplo","Product Collection",2009,"Bonus/Value Pack",,,,,,,,,,,,,"",0,0,0,,0,0,,,,,,,,,,,"",""
"66284-1","Bricks and More","Product Collection",2009,"LEGO Build and Play Value Pack",,1021,,,,,,,,,,,"",0,0,0,,0,0,,,,,,,,,,,"",""
"66305-1","City","Product Collection",2009,"City Police Super Pack 3 in 1",,650,,,,,5702014543188,,58.2,37.8,8.7,,"",0,0,0,,0,0,,,,,,,,,,79.2700,"01/02/2009","31/12/2010"
"66307-1","City","Product Collection",2009,"City Super Pack 3 in 1",,246,,,,,,,,,,,"",0,0,0,,0,0,,,,,,,,,67.6200,,"",""
"66308-1","Star Wars","Product Collection",2009,"3 in 1 Superpack",,414,,,,,,,,,,,"",0,0,0,,0,0,,,,,,,,,245.7600,129.8400,"",""
"66309-1","Pirates","Product Collection",2009,"Bonus/Value Pack",,123,,,,,,,,,,,"",0,0,0,,0,0,,,,,,,,,,,"",""
"66318-1","Technic","Product Collection",2009,"Super Pack 4 in 1",,984,,,,,,,,,,,"",0,0,0,,0,0,,,,,,,,,280.0500,155.0000,"",""
"66319-1","Power Miners","Product Collection",2009,"Power Miners Super Pack 3 in 1",,928,,,,,,,,,,,"",0,0,0,,0,0,,,,,,,,,,334.5000,"",""
"66320-1","Duplo","Product Collection",2009,"Zoo Super Pack",,95,,,,,,,,,,,"",0,0,0,,0,0,,,,,,,,,120.0000,,"",""
"66321-1","Duplo","Product Collection",2009,"Bonus/Value Pack",,125,,,,,,,,,,,"",0,0,0,,0,0,,,,,,,,,,,"",""
"66325-1","City","Product Collection",2009,"City Super Pack 4 in 1",,1267,,,,,,,,,,,"",0,0,0,,0,0,,,,,,,,,880.8100,,"",""
"66326-1","City","Product Collection",2009,"City Super Pack 4 in 1",,501,,,,,,,,,,,"",0,0,0,,0,0,,,,,,,,,121.4700,,"",""
"66329-1","City","Product Collection",2009,"City Super Pack 3 in 1",,284,,,,,,,,,,,"",0,0,0,,0,0,,,,,,,,,50.0000,29.7200,"",""
"66331-1","City","Product Collection",2009,"City Super Pack 3 in 1",,1219,,,,,,,,,,,"",0,0,0,,0,0,,,,,,,,,302.8500,181.7500,"",""
"66333-1","Bionicle","Product Collection",2009,"Bonus/Value Pack",,107,,,,,,,,,,,"",0,0,0,,0,0,,,,,,,,,,,"",""
"66334-1","Bionicle","Product Collection",2009,"Bonus/Value Pack",,95,,,,,,,,,,,"",0,0,0,,0,0,,,,,,,,,,,"",""
"66335-1","Bionicle","Product Collection",2009,"Bonus/Value Pack",,107,,,,,,,,,,,"",0,0,0,,0,0,,,,,,,,,,,"",""
"66340-1","Bricks and More","Product Collection",2009,"Bonus/Value Pack",,516,,,,,,,,,,,"",0,0,0,,0,0,,,,,,,,,,,"",""
"66385-1","Creator","Product Collection",2009,"Bonus/Value Pack",,570,,,,,,,,,,,"",0,0,0,,0,0,,,,,,,,,,,"",""
"852227-1","Gear","Trading/Playing cards",2009,"Pirate Playing Cards",,,2.99,4.99,6.99,,,673419106283,,,,,"",0,0,0,,0,0,,,,,,,,,,,"",""
"852243-1","Gear","Clothing",2009,"SW Darth Vader T-shirt",,,13.69,,,,,,,,,,"",0,0,0,,0,0,,,,,,,,,,,"",""
"852490-1","Gear","Bags",2009,"Belville Lunch Box",,,9.79,14.99,,,,,,,,,"",0,0,0,,0,0,,,,,,,,,,,"",""
"852492-1","Gear","Housewares",2009,"Belville Placemat",,,2.95,,,,,,,,,,"",0,0,0,,0,0,,,,,,,,,,,"",""
"852494-1","Gear","Clothing",2009,"Bionicle T-shirt",,,11.99,,,,,,,,,,"",0,0,0,,0,0,,,,,,,,,,,"",""
"852495-1","Gear","Role-play toys",2009,"Foam Ice Sword",,,4.89,9.99,,,,,,,,,"",0,0,0,,0,0,,,,,,,,,,,"",""
"852496-1","Gear","Role-play toys",2009,"Bionicle Ball Shooter",,,12.25,19.99,,,,,,,,,"",0,0,0,,0,0,,,,,,,,,,,"",""
"852497-1","Gear","Role-play toys",2009,"Bionicle Backpack",,,14.65,24.99,,,,,,,,,"",0,0,0,,0,0,,,,,,,,,,,"",""
"852498-1","Gear","Clothing",2009,"Bionicle Cap",,,9.79,,,,,,,,,,"",0,0,0,,0,0,,,,,,,,,,,"",""
"852499-1","Gear","Clothing",2009,"Polar Bear Cub T-shirt",,,11.99,,,,,,,,,,"",0,0,0,,0,0,,,,,,,,,,,"",""
"852504-1","Gear","Magnets/Indiana Jones",2009,"Magnet Set Indiana Jones",3,,8.79,14.99,,,,673419122955,,,,,"",0,0,0,,0,0,,,,,,,,,,,"",""
"852505-1","Gear","Key Chains/Power Miners",2009,"Boulderax",,,2.99,4.99,5.99,,,673419115902,,,,,"",0,0,0,,0,0,,,,,,,,,,,"",""
"852506-1","Gear","Key Chains/Power Miners",2009,"Meltrox",,,2.99,4.99,5.99,,,673419115919,,,,,"",0,0,0,,0,0,,,,,,,,,,,"",""
"852512-1","Gear","Role-play toys",2009,"Archer Set",,,16.65,24.99,,,,,,,,,"",0,0,0,,0,0,,,,,,,,,,,"",""
"852513-1","Gear","Magnets/City",2009,"City Hero Magnet Set",3,,7.99,12.99,16.99,,,673419115353,,,,,"",0,0,0,,0,0,,,,,,,,,,,"",""
"852516-1","Gear","Housewares",2009,"City Placemat",,,2.95,,,,,,,,,,"",0,0,0,,0,0,,,,,,,,,,,"",""
"852517-1","Gear","Bags",2009,"Police Lunch Box",,,9.79,14.99,,,,,,,,,"",0,0,0,,0,0,,,,,,,,,,,"",""
"852520-1","Gear","Clothing",2009,"LEGO Classic T-shirt",,,13.69,16.99,,,,,,,,,"",0,0,0,,0,0,,,,,,,,,,,"",""
"852521-1","Gear","Housewares",2009,"LEGO Classic Book Ends",,,14.65,22.99,,,,673419115605,,,,,"",0,0,0,,0,0,,,,,,,,,,,"",""
"852522-1","Gear","Miscellaneous",2009,"LEGO Letters Building System",,,14.65,19.99,,,,673419115612,,,,,"",0,0,0,,0,0,,,,,,,,,,,"",""
"852524-1","Gear","Housewares",2009,"Minifigure Cookie Cutters",,,4.89,7.99,,,,673419115629,,,,,"",0,0,0,,0,0,,,,,,,,,,,"",""
"852525-1","Gear","Housewares",2009,"LEGO Cutlery - Silicone Studs",,,16.65,24.99,,,,,,,,,"",0,0,0,,0,0,,,,,,,,,,,"",""
"852527-1","Gear","Housewares",2009,"LEGO City Coat Rack",,,14.65,22.99,,,,,,,,,"",0,0,0,,0,0,,,,,,,,,,,"",""
"852528-1","Gear","Housewares",2009,"Kitchen Storage Set",,,19.55,29.99,,,,,,,,,"",0,0,0,,0,0,,,,,,,,,,,"",""
"852529-1","Gear","Storage",2009,"Pro-Builder Toolbox",,,19.55,29.99,,,,673419115681,,,,,"",0,0,0,,0,0,,,,,,,,,,,"",""
"852530-1","Gear","Housewares",2009,"Rolling Cookie Cutter",,,6.85,9.99,,,,,,,,,"",0,0,0,,0,0,,,,,,,,,,,"",""
"852534-1","Gear","Housewares",2009,"Kitchen Scale MF",,,17.59,,,,,673419115735,,,,,"",0,0,0,,0,0,,,,,,,,,,,"",""
"852535-1","Miscellaneous","Vintage Minifigure Collection",2009,"Vintage Minifigure Collection Vol. 2",5,24,11.75,17.99,,,,673419115742,20,12,3,,"",0,0,0,,0,0,,,,,,,,,112.0000,77.0000,"",""
"852543-1","Gear","Magnets/Pirates",2009,"Pirates Magnet Set",3,,7.99,12.99,16.99,,,673419115803,,,,,"",0,0,0,,0,0,,,,,,,,,,,"",""
"852544-1","Gear","Key Chains/Pirates",2009,"Pirate Captain Key Chain",,,2.99,4.99,5.99,,,673419156448,,,,,"",0,0,0,,0,0,,,,,,,,,,,"",""
"852545-1","Gear","Miscellaneous",2009,"Treasure Box with Pop Up",,,9.79,16.99,,,,,,,,,"",0,0,0,,0,0,,,,,,,,,,,"",""
"852547-1","Gear","Magnets/SpongeBob SquarePants",2009,"SpongeBob Spacesuit Magnet Set",3,,8.99,14.99,19.99,,,673419115971,,,,,"",0,0,0,,0,0,,,,,,,,,,,"",""
"852548-1","Gear","Key Chains/Star Wars",2009,"R7-A7",,,2.95,4.99,,,,673419115988,,,,,"",0,0,0,,0,0,,,,,,,,,,,"",""
"852549-1","Gear","Key Chains/Star Wars",2009,"Count Dooku",,,2.99,4.99,5.99,,,673419115995,,,,,"",0,0,0,,0,0,,,,,,,,,,,"",""
"852550-1","Gear","Key Chains/Star Wars",2009,"Yoda",,,2.99,4.99,5.49,3.99,,673419156554,,,,0.01,"",0,0,0,,0,0,,,,,,,,,,,"",""
"852551-1","Gear","Magnets/Star Wars",2009,"Magnet Set Darth Maul 2009",3,,8.99,14.99,,,,673419116015,,,,,"",0,0,0,,0,0,,,,,,,,,,,"",""
"852552-1","Gear","Magnets/Star Wars",2009,"Magnet Set Royal Guard 2009",3,,9.99,14.99,15.49,,,673419156059,,,,,"",0,0,0,,0,0,,,,,,,,,,,"",""
"852553-1","Gear","Magnets/Star Wars",2009,"Magnet Set Stormtrooper 2009",3,,8.99,14.99,,,,,,,,,"",0,0,0,,0,0,,,,,,,,,,,"",""
"852554-1","Gear","Magnets/Star Wars",2009,"Star Wars Magnet Set",3,,9.99,14.99,15.49,,,,,,,,"",0,0,0,,0,0,,,,,,,,,,,"",""
"852555-1","Gear","Magnets/Star Wars",2009,"Magnet Set CW Yoda 2009",3,,9.99,14.99,15.49,,,673419156073,,,,,"",0,0,0,,0,0,,,,,,,,,,,"",""
"852673-1","Gear","Stationery",2009,"LEGO City Eraser Set",,,2.95,4.99,,,,673419123068,,,,,"",0,0,0,,0,0,,,,,,,,,,,"",""
"852676-1","Gear","Board Games",2009,"LEGO Travel Game",,,17.59,24.99,,,,673419123129,,,,,"",0,0,0,,0,0,,,,,,,,,30.7800,,"",""
"852678-1","Gear","Bags",2009,"LEGO Classic Shoulder Bag",,,24.99,29.99,30.49,,,,,,,,"",0,0,0,,0,0,,,,,,,,,,,"",""
"852683-1","Gear","Housewares",2009,"Belville Fairy Wash Towel",,,2.95,,,,,,,,,,"",0,0,0,,0,0,,,,,,,,,,,"",""
"852685-1","Gear","Board Games",2009,"Duplo Puzzle",1,,8.79,14.99,,,,673419122900,,,,,"",0,0,0,,0,0,,,,,,,,,,,"",""
"852688-1","Gear","Key Chains/Miscellaneous",2009,"LEGO Gold Minifigure Key Chain",,,2.95,4.99,,,,673419123150,,,,,"",0,0,0,,0,0,,,,,,,,,,,"",""
"852689-1","Gear","Stationery",2009,"LEGO Brick Sticky Notes",,,3.89,4.99,,,,,,,,,"",0,0,0,,0,0,,,,,,,,,,,"",""
"852690-1","Gear","Stationery",2009,"Designers' Tool Set",,,,,,,,673419153348,,,,,"",0,0,0,,0,0,,,,,,,,,,,"",""
"852695-1","Gear","Stationery",2009,"Bionicle Classic Pencil Case and Stationery Set",,,9.79,14.99,,,,,,,,,"",0,0,0,,0,0,,,,,,,,,,,"",""
"852696-1","Gear","Miscellaneous",2009,"Duplo Picture Lottery",,,8.79,14.99,,,,,,,,,"",0,0,0,,0,0,,,,,,,,,,,"",""
"852697-1","Miscellaneous","Vintage Minifigure Collection",2009,"Vintage Minifigure Collection Vol. 3",5,22,11.75,17.99,,,,673419123228,20,12,3,,"",0,0,0,,0,0,,,,,,,,,65.2700,58.9900,"",""
"852701-1","Castle","Battle Pack",2009,"Troll Warrior Battle Pack",5,36,8.79,14.99,,,,673419123044,,,,,"",0,0,0,,0,0,,,,,,,,,106.3900,94.9900,"",""
"852702-1","Castle","Battle Pack",2009,"Dwarf Warrior Battle Pack",5,45,8.79,14.99,,,,673419123051,,,,,"",0,0,0,,0,0,,,,,,,,,98.3200,94.9900,"",""
"852703-1","Gear","Stationery",2009,"City Activity Book",,,8.79,14.99,,,,,,,,,"",0,0,0,,0,0,,,,,,,,,,,"",""
"852704-1","Gear","Key Chains/Town",2009,"Classic Girl Key Chain",,,,,,,,,,,,,"",0,0,0,,0,0,,,,,,,,,,,"",""
"852706-1","Gear","Stationery",2009,"LEGO Brick Erasers",,,1.95,4.99,,,,,,,,,"",0,0,0,,0,0,,,,,,,,,,,"",""
"852708-1","Gear","Housewares",2009,"LEGO Minifigure Cake Mould",,,,17.99,,,,,,,,,"",0,0,0,,0,0,,,,,,,,,,,"",""
"852709-1","Gear","Bags",2009,"LEGO Space Shoulder Bag",,,19.55,29.99,,,,,,,,,"",0,0,0,,0,0,,,,,,,,,,,"",""
"852711-1","Gear","Key Chains/Pirates",2009,"Admiral's Daughter keychain",,,,,,,,673419123327,,,,,"",0,0,0,,0,0,,,,,,,,,,,"",""
"852713-1","Gear","Magnets/SpongeBob SquarePants",2009,"SpongeBob Magnet Set",3,,8.99,14.99,,,,673419123334,,,,,"",0,0,0,,0,0,,,,,,,,,,,"",""
"852714-1","Gear","Key Chains/SpongeBob SquarePants",2009,"Squidward Key Chain",,,2.95,4.99,,,,,,,,,"",0,0,0,,0,0,,,,,,,,,,,"",""
"852715-1","Gear","Magnets/Star Wars",2009,"Star Wars Magnet Set",3,,8.99,14.99,19.99,,,673419123358,,,,,"",0,0,0,,0,0,,,,,,,,,,,"",""
"852716-1","Gear","Key Chains/Indiana Jones",2009,"Mutt Williams Key Chain",,,2.95,4.99,,,,673419122924,,,,,"",0,0,0,,0,0,,,,,,,,,,,"",""
"852717-1","Gear","Key Chains/Indiana Jones",2009,"Irina Spalko Key Chain",,,2.95,4.99,,,,673419122931,,,,,"",0,0,0,,0,0,,,,,,,,,,,"",""
"852718-1","Gear","Key Chains/Indiana Jones",2009,"Colonel Dovchenko Key Chain",,,2.95,4.99,,,,673419122948,,,,,"",0,0,0,,0,0,,,,,,,,,,,"",""
"852719-1","Gear","Magnets/Indiana Jones",2009,"Indiana Jones Magnet Set",3,,8.79,14.99,,,,673419122955,,,,,"",0,0,0,,0,0,,,,,,,,,,,"",""
"852733-1","Gear","Stationery",2009,"Felt Tip Pen Set",,,,4.99,,,,,,,,,"",0,0,0,,0,0,,,,,,,,,,,"",""
"852735-1","Gear","Miscellaneous",2009,"Zipper Puller (Pink)",,,,,,,,673419123310,,,,,"",0,0,0,,0,0,,,,,,,,,,,"",""
"852736-1","Gear","Clothing",2009,"LEGO Star Wars 10yr Anniversary T-shirt",,,13.69,,,,,,,,,,"",0,0,0,,0,0,,,,,,,,,,,"",""
"852737-1","Gear","Magnets/Star Wars",2009,"Star Wars 10th Anniversary Stormtrooper Magnet",1,,4.99,9.99,,,,673419123440,,,,,"",0,0,0,,0,0,,,,,,,,,,,"",""
"852741-1","Gear","Seasonal",2009,"LEGO Holiday Countdown Candle",,,14.65,19.99,,,,673419126977,,,,,"",0,0,0,,0,0,,,,,,,,,327.1600,98.9900,"",""
"852742-1","Gear","Seasonal",2009,"Holiday Magnet",1,,6.99,9.99,,,,673419126984,,,,,"",0,0,0,,0,0,,,,,,,,,,,"",""
"852744-1","Seasonal","Christmas",2009,"Holiday LEGO Ornaments",,66,14.99,19.99,,,,673419127004,,,,,"",0,0,0,,0,0,,,,,,,,,19.9900,14.8800,"",""
"852745-1","Gear","Seasonal",2009,"Metallized Magnet Set",,,6.85,9.99,,,,673419127011,,,,,"",0,0,0,,0,0,,,,,,,,,,,"",""
"852747-1","Pirates","Accessories",2009,"Pirates Battle Pack",4,37,8.79,14.99,,,,673419127066,,,,,"",0,0,0,,0,0,,,,,,,,,100.0000,39.1200,"",""
"852748-1","Gear","Miscellaneous",2009,"Pirates Coin Bank",1,,14.65,19.99,,,,673419127073,,,,,"",0,0,0,,0,0,,,,,,,,,,,"",""
"852749-1","Gear","Key Chains/Pirates",2009,"Pirates Soldier Key Chain",,,2.95,4.99,,,,673419127080,,,,,"",0,0,0,,0,0,,,,,,,,,,,"",""
"852750-1","Gear","Board Games",2009,"Pirates Tic Tac Toe",10,,14.65,19.99,,,,673419127097,,,,,"",0,0,0,,0,0,,,,,,,,,82.2400,54.9900,"",""
"852751-1","Gear","Board Games",2009,"Pirates Chess Set",24,,,49.99,,,,673419127103,,,,,"",0,0,0,,0,0,,,,,,,,,,,"",""
"852753-1","Miscellaneous","Vintage Minifigure Collection",2009,"Vintage Minifigure Collection Vol. 4",5,41,11.75,17.99,,,,673419127028,20,12,3,,"",0,0,0,,0,0,,,,,,,,,87.6400,55.4600,"",""
"852754-1","Gear","Miscellaneous",2009,"LEGO Coin Bank (2x2)",,,6.85,9.99,,,,673419127035,,,,,"",0,0,0,,0,0,,,,,,,,,,,"",""
"852759-1","Gear","Stationery",2009,"LEGO Ruler",,,1.95,4.99,,,,673419123181,,,,,"",0,0,0,,0,0,,,,,,,,,,,"",""
"852760-1","Gear","Clothing",2009,"Bionicle T-shirt",,,,16.99,,,,,,,,,"",0,0,0,,0,0,,,,,,,,,,,"",""
"852761-1","Gear","Clothing",2009,"Troll T-shirt",,,,16.99,,,,,,,,,"",0,0,0,,0,0,,,,,,,,,,,"",""
"852762-1","Gear","Clothing",2009,"LEGO Indiana Jones T-shirt",,,,16.99,,,,,,,,,"",0,0,0,,0,0,,,,,,,,,,,"",""
"852763-1","Gear","Clothing",2009,"LEGO Star Wars Stormtrooper T-shirt",,,,16.99,,,,,,,,,"",0,0,0,,0,0,,,,,,,,,,,"",""
"852764-1","Gear","Clothing",2009,"LEGO Star Wars Darth Vader T-shirt",,,,16.99,,,,,,,,,"",0,0,0,,0,0,,,,,,,,,,,"",""
"852765-1","Gear","Clothing",2009,"LEGO Star Wars 10yr Anniversary T-shirt",,,,16.99,,,,,,,,,"",0,0,0,,0,0,,,,,,,,,,,"",""
"2851070-1","Gear","Pens",2009,"LEGO Star Wars Jango Fett Pen",,,,9.99,,,,,,,,,"",0,0,0,,0,0,,,,,,,,,,,"",""
"2851126-1","Gear","Pens",2009,"LEGO Star Wars Darth Maul Pen",,,,9.99,,,,,,,,,"",0,0,0,,0,0,,,,,,,,,,,"",""
"2851134-1","Gear","Pens",2009,"LEGO Star Wars Luke Skywalker Pen",,,,9.99,,,,,,,,,"",0,0,0,,0,0,,,,,,,,,,,"",""
"2851135-1","Gear","Pens",2009,"LEGO Star Wars Tusken Raider Pen",,,,9.99,,,,,,,,,"",0,0,0,,0,0,,,,,,,,,,,"",""
"2851185-1","Gear","Watches/Clocks",2009,"Stormtrooper Adult Watch",,,24.99,29.99,39.99,,,,,,,,"",0,0,0,,0,0,,,,,,,,,,,"",""
"2851190-1","Gear","Watches/Clocks",2009,"Darth Vader Adult Watch",,,24.99,29.99,39.99,,,,,,,,"",0,0,0,,0,0,,,,,,,,,,,"",""
"2851191-1","Gear","Watches/Clocks",2009,"Obi-Wan Kenobi Adult Watch",,,24.99,29.99,,,,,,,,,"",0,0,0,,0,0,,,,,,,,,,,"",""
"2851192-1","Gear","Watches/Clocks",2009,"C-3PO Watch",,,14.99,19.99,29.99,,,,,,,,"",0,0,0,,0,0,,,,,,,,,,,"",""
"2851193-1","Gear","Watches/Clocks",2009,"Darth Maul Watch",,,20.99,24.99,29.99,,,,,,,,"",0,0,0,,0,0,,,,,,,,,,,"",""
"2851194-1","Gear","Watches/Clocks",2009,"Han Solo Watch",,,14.99,19.99,,,,,,,,,"",0,0,0,,0,0,,,,,,,,,,,"",""
"2851195-1","Gear","Watches/Clocks",2009,"Obi-Wan Kenobi Watch",,,14.99,19.99,29.99,,,,,,,,"",0,0,0,,0,0,,,,,,,,,,,"",""
"2851196-1","Gear","Watches/Clocks",2009,"Classic Brick Adult Watch",,,24.99,29.99,39.99,,,,,,,,"",0,0,0,,0,0,,,,,,,,,,,"",""
"2851198-1","Gear","Watches/Clocks",2009,"Luke Skywalker & Han Solo Adult Watch",,,24.99,29.99,39.99,,,,,,,,"",0,0,0,,0,0,,,,,,,,,,,"",""
"2853367-1","Gear","Digital media",2009,"BIONICLE: The Legend Reborn DVD",,,15.99,19.99,,,,,,,,,"",0,0,0,,0,0,,,,,,,,,,,"",""
"2853399-1","Gear","Watches/Clocks",2009,"Space Police Watch",,,14.99,19.99,29.99,,,,,,,,"",0,0,0,,0,0,,,,,,,,,,,"",""
"2853401-1","Gear","Watches/Clocks",2009,"Power Miners Watch",,,14.99,19.99,29.99,,,,,,,,"",0,0,0,,0,0,,,,,,,,,,,"",""
"2853505-1","Gear","Stationery",2009,"LEGO UK Charity Calendar 2010",,,7.99,,,,,,,,,,"",0,0,0,,0,0,,,,,,,,,,,"",""
"2853586-1","Gear","Video Games/Wii",2009,"LEGO Rock Band",,,34.99,39.99,39.99,,,,,,,,"",0,0,0,,0,0,,,,,,,,,,,"",""
"2853587-1","Gear","Video Games/DS",2009,"LEGO Rock Band",,,29.99,19.99,,,,,,,,,"",0,0,0,,0,0,,,,,,,,,,,"",""
"2853591-1","Gear","Video Games/Xbox 360",2009,"LEGO Rock Band",,,39.99,39.99,39.99,,,,,,,,"",0,0,0,,0,0,,,,,,,,,,,"",""
"2853592-1","Gear","Video Games/PS3",2009,"LEGO Rock Band",,,39.99,39.99,39.99,,,,,,,,"",0,0,0,,0,0,,,,,,,,,,,"",""
"2853593-1","Gear","Video Games/Xbox 360",2009,"LEGO Indiana Jones 2: The Adventure Continues",,,39.99,49.99,49.99,,,,,,,,"",0,0,0,,0,0,,,,,,,,,,,"",""
"2853594-1","Gear","Video Games/PS3",2009,"LEGO Indiana Jones 2: The Adventure Continues",,,39.99,49.99,49.99,,,,,,,,"",0,0,0,,0,0,,,,,,,,,,,"",""
"2853595-1","Gear","Video Games/PSP",2009,"LEGO Indiana Jones 2: The Adventure Continues",,,29.99,29.99,,,,,,,,,"",0,0,0,,0,0,,,,,,,,,,,"",""
"2853596-1","Gear","Video Games/Wii",2009,"LEGO Indiana Jones 2: The Adventure Continues",,,39.99,49.99,,,,,,,,,"",0,0,0,,0,0,,,,,,,,,,,"",""
"2853597-1","Gear","Video Games/DS",2009,"LEGO Indiana Jones 2: The Adventure Continues",,,29.99,29.99,,,,,,,,,"",0,0,0,,0,0,,,,,,,,,,,"",""
"2853656-1","Gear","Furniture",2009,"3-Seat Playtable",,,,299.99,329.99,,,,,,,,"",0,0,0,,0,0,,,,,,,,,,,"",""
"2853694-1","Gear","Video Games/PC",2009,"LEGO Indiana Jones 2: The Adventure Continues",,,19.99,,,,,,,,,,"",0,0,0,,0,0,,,,,,,,,,,"",""
"4540313-1","Duplo","Bonus/Value Pack",2009,"Duplo Creative Bucket",,76,,,,,,,,,,,"",0,0,0,,0,0,,,,,,,,,,,"",""
"4540315-1","Bricks and More","Bonus/Value Pack",2009,"LEGO Creative Bucket",,480,,,,,,,,,,,"",0,0,0,,0,0,,,,,,,,,,,"",""
"4547551-1","Star Wars","Promotional",2009,"Darth Vader",1,7,,,,,5702014540293,,,,,,"",0,0,0,,0,0,,,,,,,,,,,"",""
"4559288-1","Power Miners","Promotional",2009,"{Power Miners Promotional Polybag}",1,,,,,,,,,,,,"",0,0,0,,0,0,,,,,,,,,16.5000,,"",""
"4559385-1","Power Miners","Promotional",2009,"{Power Miners Promotional Polybag}",1,,,,,,,,,,,,"",0,0,0,,0,0,,,,,,,,,20.9800,,"",""
"4559387-1","Power Miners","Promotional",2009,"{Power Miners Promotional Polybag}",1,,,,,,,,,,,,"",0,0,0,,0,0,,,,,,,,,12.0600,,"",""
"4580305-1","Gear","Video Games/DS",2009,"LEGO Battles",,,29.99,,,,,,,,,,"",0,0,0,,0,0,,,,,,,,,,,"",""
"4580306-1","Gear","Video Games/DS",2009,"LEGO Strategie",,,29.99,,,,,,,,,,"",0,0,0,,0,0,,,,,,,,,,,"",""
"4580307-1","Gear","Video Games/DS",2009,"LEGO Battles",,,,29.99,,,,,,,,,"",0,0,0,,0,0,,,,,,,,,,,"",""
"9001857-1","Gear","Watches/Clocks",2009,"Space Police Watch",,,,,,,,,,,,,"",0,0,0,,0,0,,,,,,,,,,,"",""
"ANNAPOLIS-1","Promotional","LEGO brand store opening set",2009,"{Chessie}",,45,,,,,,,,,,,"",0,0,0,,0,0,,,,,,,,,,,"",""
"BERLIN-1","Promotional","LEGO brand store opening set",2009,"{Bear}",,69,,,,,,,,,,,"",0,0,0,,0,0,,,,,,,,,55.5100,,"",""
"BIRMINGHAM-1","Promotional","LEGO brand store opening set",2009,"{Vulcan}",,81,,,,,,,,,,,"",0,0,0,,0,0,,,,,,,,,,29.9900,"",""
"BRICKJOURNAL005-1","Books","Magazines/BrickJournal",2009,"BrickJournal Issue 5",,,,8.95,,,,,,,,,"",0,0,0,,0,0,,,,,,,,,,,"",""
"BRICKJOURNAL006-1","Books","Magazines/BrickJournal",2009,"BrickJournal Issue 6",,,,8.95,,,,,,,,,"",0,0,0,,0,0,,,,,,,,,,,"",""
"BRICKJOURNAL007-1","Books","Magazines/BrickJournal",2009,"BrickJournal Issue 7",,,,8.95,,,,,,,,,"",0,0,0,,0,0,,,,,,,,,,,"",""
"BRICKJOURNAL008-1","Books","Magazines/BrickJournal",2009,"BrickJournal Issue 8",,,,8.95,,,,,,,,,"",0,0,0,,0,0,,,,,,,,,,,"",""
"BRICKJOURNALC02-1","Books","Magazines/BrickJournal",2009,"BrickJournal Compendium 2",,,,,,,,,,,,,"",0,0,0,,0,0,,,,,,,,,,,"",""
"BRICKJOURNALC03-1","Books","Magazines/BrickJournal",2009,"BrickJournal Compendium 3",,,,,,,,182658000097,,,,,"",0,0,0,,0,0,,,,,,,,,,,"",""
"CINCINNATI-1","Promotional","LEGO brand store opening set",2009,"{Flying Pig}",,93,,0,,,,,,,,,"",0,0,0,,0,0,,,,,,,,,,,"",""
"COLUMBUS-1","Promotional","LEGO brand store opening set",2009,"{Salamander}",,72,,0,,,,,,,,,"",0,0,0,,0,0,,,,,,,,,99.9500,,"",""
"COMCON004-1","Star Wars","Promotional",2009,"Collectable Display Set 1",3,5,,49.99,,,,,,,,,"",0,0,0,,0,0,,,,,,,,,495.9500,300.0000,"",""
"COMCON005-1","Star Wars","Promotional",2009,"Collectable Display Set 2",3,2,,49.99,,,,,,,,,"",0,0,0,,0,0,,,,,,,,,1250.0000,,"",""
"COMCON006-1","Star Wars","Promotional",2009,"Collectable Display Set 4",3,15,,49.99,,,,,,,,,"",0,0,0,,0,0,,,,,,,,,850.0000,400.0000,"",""
"COMCON007-1","Star Wars","Promotional",2009,"Collectable Display Set 5",3,4,,49.99,,,,,,,,,"",0,0,0,,0,0,,,,,,,,,550.0000,200.0000,"",""
"COMCON008-1","Star Wars","Promotional",2009,"Collectable Display Set 3",3,5,,49.99,,,,,,,,,"",0,0,0,,0,0,,,,,,,,,800.0000,300.0000,"",""
"COMCON009-1","Star Wars","Promotional",2009,"Collectable Display Set 6",3,5,,49.99,,,,,,,,,"",0,0,0,,0,0,,,,,,,,,840.9600,115.0000,"",""
"COMCON010-1","Star Wars","Promotional",2009,"Mini Republic Dropship Mini AT-TE Brickmaster Pack (SDCC 2009 exclusive)",,94,,50,,,,,,,,,"",0,0,0,,0,0,,,,,,,,,358.0900,300.0000,"",""
"COMCON011-1","Star Wars","Promotional",2009,"Holo-Brick Archives (SDCC 2009 exclusive)",,3,,,,,,,,,,,"",0,0,0,,0,0,,,,,,,,,294.8100,495.0000,"",""
"CONCORD-1","Promotional","LEGO brand store opening set",2009,"{Nascar}",,70,,0,,,,,,,,,"",0,0,0,,0,0,,,,,,,,,50.0000,,"",""
"DALLAS-1","Promotional","LEGO brand store opening set",2009,"{Skull}",,92,,0,,,,,,,,,"",0,0,0,,0,0,,,,,,,,,,,"",""
"FRANKFURT-1","Promotional","LEGO brand store opening set",2009,"{The Rmer}",,157,,,,,,,,,,,"",0,0,0,,0,0,,,,,,,,,50.6200,,"",""
"FRISCO-1","Promotional","LEGO brand store opening set",2009,"{Bronco}",,60,,,,,,,,,,,"",0,0,0,,0,0,,,,,,,,,,2.0000,"",""
"GMRACER1-1","Promotional","General Mills",2009,"Race Car 1",,,,,,,,,,,,,"",0,0,0,,0,0,,,,,,,,,,,"",""
"GMRACER2-1","Promotional","General Mills",2009,"Race Car 2",,,,,,,,,,,,,"",0,0,0,,0,0,,,,,,,,,,,"",""
"GMRACER3-1","Promotional","General Mills",2009,"Race Car 3",,,,,,,,,,,,,"",0,0,0,,0,0,,,,,,,,,,,"",""
"GMRACER4-1","Promotional","General Mills",2009,"Race Car 4",,,,,,,,,,,,,"",0,0,0,,0,0,,,,,,,,,,,"",""
"GMRACER5-1","Promotional","General Mills",2009,"Race Car 5",,,,,,,,,,,,,"",0,0,0,,0,0,,,,,,,,,,,"",""
"GMRACER6-1","Promotional","General Mills",2009,"Race Car 6",,,,,,,,,,,,,"",0,0,0,,0,0,,,,,,,,,,,"",""
"HANOVER-1","Promotional","LEGO brand store opening set",2009,"{Crab}",,69,,0,,,,,,,,,"",0,0,0,,0,0,,,,,,,,,75.0000,60.0000,"",""
"HONOLULU-1","Promotional","LEGO brand store opening set",2009,"{Fish and Coral}",,85,,,,,,,,,,,"",0,0,0,,0,0,,,,,,,,,74.9900,,"",""
"ISBN9780756655198-1","Books","Dorling Kindersley",2009,"LEGO Pirates: Brickmaster",,,,,,,,,,,,,"",0,0,0,,0,0,,,,,,,,,,,"",""
"ISBN9780756672812-1","Books","Dorling Kindersley",2009,"LEGO Castle: Brickmaster",2,,,,,,,,,,,,"",0,0,0,,0,0,,,,,,,,,,,"",""
"ISBN9781405341691-1","Books","Dorling Kindersley",2009,"The LEGO Book",,1,25,,,,9780756656232,,,,,,"",0,0,0,,0,0,,,,,,,,,,,"",""
"ISBN9781405345644-1","Books","Dorling Kindersley",2009,"Standing Small: A Celebration of 30 Years of the LEGO Minifigure",,1,,,,,,,,,,,"",0,0,0,,0,0,,,,,,,,,,,"",""
"ISBN9781405347471-1","Books","Dorling Kindersley",2009,"LEGO Star Wars: The Visual Dictionary",1,4,,21.99,25.99,,,,,,,,"",0,0,0,,0,0,,,,,,,,,,,"",""
"ISBN9781593272166-1","Books","No Starch Press",2009,"LEGO MINDSTORMS NXT Thinking Robots",,,,,,,,,,,,,"",0,0,0,,0,0,,,,,,,,,,,"",""
"LIGHTBULB-1","Promotional","Miscellaneous",2009,"Celebrating Moments That CLICK! Light Bulb",,57,0,0,,,,,,,,,"",0,0,0,,0,0,,,,,,,,,,,"",""
"LIT2009-1","Miscellaneous","LEGO Inside Tour Exclusive",2009,"Ole Kirk's House",,910,,,,,,,,,,,"",0,0,0,,0,0,,,,,,,,,3823.1600,,"",""
"M8465934-1","Miscellaneous","Muji",2009,"Christmas set",,120,,,,,,,,,,,"",0,0,0,,0,0,,,,,,,,,,,"",""
"M8465958-1","Miscellaneous","Muji",2009,"Hole punch",,2,,,,,,,,,,,"",0,0,0,,0,0,,,,,,,,,,,"",""
"M8465972-1","Miscellaneous","Muji",2009,"Basic set",,200,,,,,,,,,,,"",0,0,0,,0,0,,,,,,,,,,,"",""
"M8465989-1","Miscellaneous","Muji",2009,"Basic set, transparent",,120,,,,,,,,,,,"",0,0,0,,0,0,,,,,,,,,,,"",""
"M8465996-1","Miscellaneous","Muji",2009,"Paper and brick set",,187,,,,,,,,,,,"",0,0,0,,0,0,,,,,,,,,,,"",""
"MCDR1-1","Gear","Fast food toys",2009,"6 x 2 Turbo",,,,,,,,,,,,,"",0,0,0,,0,0,,,,,,,,,,,"",""
"MCDR2-1","Gear","Fast food toys",2009,"Rally Fire",,,,,,,,,,,,,"",0,0,0,,0,0,,,,,,,,,,,"",""
"MCDR3-1","Gear","Fast food toys",2009,"Curve Cruiser",,,,,,,,,,,,,"",0,0,0,,0,0,,,,,,,,,,,"",""
"MCDR4-1","Gear","Fast food toys",2009,"Circuit Star",,,,,,,,,,,,,"",0,0,0,,0,0,,,,,,,,,,,"",""
"MCDR5-1","Gear","Fast food toys",2009,"Lap Star",,,,,,,,,,,,,"",0,0,0,,0,0,,,,,,,,,,,"",""
"MCDR6-1","Gear","Fast food toys",2009,"EZ Rally",,,,,,,,,,,,,"",0,0,0,,0,0,,,,,,,,,,,"",""
"MCDR7-1","Gear","Fast food toys",2009,"Curve Chaser",,,,,,,,,,,,,"",0,0,0,,0,0,,,,,,,,,,,"",""
"MCDR8-1","Gear","Fast food toys",2009,"Sport Racer",,,,,,,,,,,,,"",0,0,0,,0,0,,,,,,,,,,,"",""
"MMMB002-1","Promotional","Monthly Mini Model Build",2009,"Penguin",,16,0,0,,,,,,,,,"",0,0,0,,0,0,,,,,,,,,,,"",""
"MMMB003-1","Promotional","Monthly Mini Model Build",2009,"Heart",,15,0,0,,,,,,,,,"",0,0,0,,0,0,,,,,,,,,,,"",""
"MMMB004-1","Promotional","Monthly Mini Model Build",2009,"Leprechaun",,,0,0,,,,,,,,,"",0,0,0,,0,0,,,,,,,,,,,"",""
"MMMB005-1","Promotional","Monthly Mini Model Build",2009,"Rabbit",,,0,0,,,,,,,,,"",0,0,0,,0,0,,,,,,,,,,,"",""
"MMMB006-1","Promotional","Monthly Mini Model Build",2009,"House",,,0,0,,,,,,,,,"",0,0,0,,0,0,,,,,,,,,,,"",""
"MMMB007-1","Promotional","Monthly Mini Model Build",2009,"Tractor",,,0,0,,,,,,,,,"",0,0,0,,0,0,,,,,,,,,,,"",""
"MMMB008-1","Promotional","Monthly Mini Model Build",2009,"Flower",,,0,0,,,,,,,,,"",0,0,0,,0,0,,,,,,,,,,,"",""
"MMMB009-1","Promotional","Monthly Mini Model Build",2009,"Sailing Boat",,,0,0,,,,,,,,,"",0,0,0,,0,0,,,,,,,,,,,"",""
"MMMB010-1","Promotional","Monthly Mini Model Build",2009,"US Flag",,,0,0,,,,,,,,,"",0,0,0,,0,0,,,,,,,,,,,"",""
"MMMB011-1","Promotional","Monthly Mini Model Build",2009,"Ice Cream",,,0,0,,,,,,,,,"",0,0,0,,0,0,,,,,,,,,,,"",""
"MMMB012-1","Promotional","Monthly Mini Model Build",2009,"Lobster",,,0,0,,,,,,,,,"",0,0,0,,0,0,,,,,,,,,,,"",""
"MMMB013-1","Promotional","Monthly Mini Model Build",2009,"Book and Pencil",,,0,0,,,,,,,,,"",0,0,0,,0,0,,,,,,,,,,,"",""
"MMMB014-1","Promotional","Monthly Mini Model Build",2009,"Pumpkin",,,0,0,,,,,,,,,"",0,0,0,,0,0,,,,,,,,,,,"",""
"MMMB015-1","Promotional","Monthly Mini Model Build",2009,"Turkey",,,0,0,,,,,,,,,"",0,0,0,,0,0,,,,,,,,,,,"",""
"MMMB016-1","Promotional","Monthly Mini Model Build",2009,"Fireworks",,,0,0,,,,,,,,,"",0,0,0,,0,0,,,,,,,,,,,"",""
"MMMB017-1","Promotional","Monthly Mini Model Build",2009,"Christmas Wreath",,29,0,0,,,,,,,,,"",0,0,0,,0,0,,,,,,,,,,,"",""
"OKLAHOMACITY-1","Promotional","LEGO brand store opening set",2009,"{Cowboy}",,58,,0,,,,,,,,,"",0,0,0,,0,0,,,,,,,,,,,"",""
"ORLANDPARK-1","Promotional","LEGO brand store opening set",2009,"{Baseball Player}",,58,,0,,,,,,,,,"",0,0,0,,0,0,,,,,,,,,,,"",""
"PARAMUS-1","Promotional","LEGO brand store opening set",2009,"{Wild Turkey}",,73,,0,,,,,,,,,"",0,0,0,,0,0,,,,,,,,,,,"",""
"RALEIGH-1","Promotional","LEGO brand store opening set",2009,"{Lighthouse}",,121,,0,,,,,,,,,"",0,0,0,,0,0,,,,,,,,,,15.0000,"",""







